asset_id,window_start_ms,label_health_level_mean,label_health_level_std,label_health_level_min,label_health_level_max,label_health_level_p95,load_mean,load_std,load_min,load_max,load_p95,motor_current_a_mean,motor_current_a_std,motor_current_a_min,motor_current_a_max,motor_current_a_p95,rpm_mean,rpm_std,rpm_min,rpm_max,rpm_p95,temp_c_mean,temp_c_std,temp_c_min,temp_c_max,temp_c_p95,vib_rms_mean,vib_rms_std,vib_rms_min,vib_rms_max,vib_rms_p95,temp_c_slope,vib_rms_slope,motor_current_a_slope,temp_c_delta,vib_rms_delta,motor_current_a_delta,rpm_delta,vib_rms_norm,y
PUMP-001,1779674940000,0.0,0.0,0.0,0.0,0.0,0.3529858227592876,0.018420652683655166,0.3145357957454334,0.3949178455387456,0.38430563246154315,18.58381815495179,0.5635874109871024,17.527669441020624,20.045179818745915,19.572125093143107,1498.8783441078426,15.367480471416387,1471.1508999052887,1549.9540329534266,1526.3058160144803,34.5640057826781,0.74710492365794,32.82983551970209,36.1799950927149,35.89648381497467,1.8115427877539476,0.07592572370064729,1.597613135035369,1.9510388433447443,1.9264053395568157,0.023020930966717666,0.0013297168071607092,0.006245519237523487,0.0,0.0,0.0,0.0,1.2085981402540493,0
PUMP-001,1779675000000,0.0,0.0,0.0,0.0,0.0,0.3489910247386541,0.01990655569342014,0.3017958052732518,0.3873207903260617,0.37758276640508137,18.444637168087457,0.541188929555259,16.952210707506264,19.444132021638527,19.268214787010294,1496.2263924298381,14.572767411999806,1463.6439940324567,1533.8506190428889,1523.409262983065,35.456654054682865,0.6147463409776879,33.772686528441625,36.90333124736827,36.48676506594352,1.8152545262015638,0.08892712767575572,1.6058613775605852,1.9730492839025848,1.9521307174453701,0.009261515727982917,0.0003142254729487694,-0.003977028263259801,0.892648272004763,0.0037117384476161863,-0.1391809868643321,-2.6519516780044796,1.213221022008983,0
PUMP-001,1779675060000,0.0,0.0,0.0,0.0,0.0,0.34870830334819386,0.019087321070532754,0.2953651419970488,0.3929322705761974,0.3764121131991269,18.49819236395751,0.5191799549136411,16.695082498057737,19.74039690193793,19.21761300304641,1497.4763931754203,11.952606495885377,1474.4332012985117,1526.3035196145215,1515.0895368545484,36.30531560788636,0.6598683379697506,34.69255596308163,37.81020129142459,37.429990044782556,1.8104523565854684,0.09551724735063229,1.6440258641695986,2.0464887601310155,1.9634520822597534,0.012855124041640964,7.175384344200905e-05,0.0018853448102362305,0.8486615532034918,-0.004802169616095364,0.05355519587005375,1.250000745582156,1.20900146128175,0
PUMP-001,1779675120000,0.0,0.0,0.0,0.0,0.0,0.34909531676567684,0.020240051490373962,0.3158584668519882,0.4091637344710319,0.3868067102158976,18.494089265907395,0.5466437771275271,17.430145034684262,20.30414258445328,19.223674926561205,1499.3781354577852,12.967983479822497,1468.9840759270562,1530.0581992397158,1518.79441483159,36.696843269886344,0.6660793327102795,35.41058739731369,38.73687321935026,37.84072910997931,1.8226629713190332,0.07769780160247874,1.6139337555636746,2.01842205971466,1.940555519833887,0.0006749913622433365,0.0011962772435424392,-0.004630171540447762,0.39152766199998723,0.012210614733564773,-0.004103098050116216,1.9017422823649213,1.2156118010556043,0
PUMP-001,1779675180000,0.0,0.0,0.0,0.0,0.0,0.3514723059433634,0.020099291504853373,0.3067736876314306,0.3949377318749536,0.3845689482614843,18.55775578644858,0.5364436590426059,17.57659069668556,19.928323068842996,19.39033312253045,1499.3784573110481,14.666513715492057,1455.5227480737246,1540.8176060856724,1521.9229239755678,36.518428797177975,0.7439190327577164,34.508475632714834,39.06523079715371,37.33172503019271,1.8258476289767287,0.08486036649722747,1.639782463014123,1.999298611462392,1.9597332027670427,-0.00289538826967501,-0.00022076845858419347,0.0009181637175370264,-0.17841447270836852,0.003184657657695489,0.0636665205411866,0.00032185326290345984,1.2177355239021088,0
PUMP-001,1779675240000,0.0,0.0,0.0,0.0,0.0,0.3493924797663668,0.02080522883353183,0.2936600279874874,0.3983893571036213,0.38143864550388934,18.596733023608287,0.5710422226072384,17.158229350053546,19.99504805389712,19.481605470737772,1502.6721034446912,14.762787704514862,1456.5483713523115,1530.344538802102,1527.451817205697,35.892701734420385,0.7347537030965327,34.43827624557884,37.586521891052776,36.85947974082425,1.848662001346242,0.09116663012151408,1.5829549461176384,2.002400112738711,1.9853970982078482,-0.014183458512604078,0.0004186882558697766,-0.002342030147311413,-0.6257270627575906,0.022814372369513336,0.038977237159706135,3.293646133643051,1.2302489457676553,0
PUMP-001,1779675300000,0.0,0.0,0.0,0.0,0.0,0.34653668525295445,0.022995035360209564,0.2887013758073469,0.4055601178642243,0.38657653780694695,18.579314201623927,0.6948592277951481,16.96434316351616,20.133240301830657,19.582491896787207,1499.252150255427,14.323645331532,1463.6387777037994,1531.794857126472,1521.3578545708797,34.89474669220463,0.7873268736962102,32.872943221322494,36.53622553977626,36.20182701494409,1.840714836452423,0.07808848572395351,1.6446098835052794,2.0187810338411625,1.940240942879855,-0.008923388467819903,7.02733748829001e-05,0.010908573601316352,-0.9979550422157573,-0.00794716489381897,-0.017418821984360733,-3.419953189264106,1.227754523069584,0
PUMP-001,1779675360000,0.0,0.0,0.0,0.0,0.0,0.3464064607813195,0.018470405026392727,0.3077239656115545,0.3884814097391386,0.37317576303750255,18.68419073146601,1.3174714247719228,17.278097881055366,28.083154591568253,19.289974672168434,1500.51247098816,13.386932624036582,1472.032684828393,1528.287569230959,1523.2782936688661,33.80166995276381,0.7240968584314829,32.16901729974699,35.061074290380425,34.94743211538919,1.902862107963306,0.3918398983822685,1.7029615739249426,4.838580682331614,1.9644193947858757,-0.02365082342468521,0.0016931024920652294,0.0005971944303349766,-1.0930767394408178,0.06214727151088284,0.10487652984208395,1.2603207327329073,1.2681406363584196,0
PUMP-001,1779675420000,0.0,0.0,0.0,0.0,0.0,0.3538904871268541,0.02035035948837401,0.2885935851648928,0.4094824964361563,0.3901758911333482,18.750022817512157,0.5837702345664161,17.170799063396107,20.046748359665973,19.80045086190834,1498.1952523394887,13.723937950736586,1457.6667416130697,1527.5727085961794,1517.7510814455754,32.966766633159025,0.6031026043962637,31.366800224128085,34.47530843669409,33.83465467942821,1.8511719075353106,0.07292746547412822,1.7152932583229192,2.031413024897315,1.9575043862825952,-0.010779390164918396,0.0008047014171291767,0.00643622775027185,-0.8349033196047841,-0.051690200427995325,0.06583208604614654,-2.3172186486713144,1.2356004125925677,0
PUMP-001,1779675480000,0.0,0.0,0.0,0.0,0.0,0.3505756752630129,0.02411665551687577,0.2885320468301445,0.4187223260612447,0.3822080365942236,18.703704247097274,0.6285654595516801,17.270518705592714,20.1259262206207,19.705801663031703,1496.4004634223681,12.027126738298053,1467.3282042923024,1518.8907701637468,1513.005006379255,31.925469923747848,0.8532955404116385,30.51554994749975,34.53535563147098,33.328371413620324,1.8627669477036062,0.07382488086169448,1.6983431032889604,2.03006422479074,1.9726454627935626,-0.025721787366719578,-0.00018156191675101433,-0.013116779246649701,-1.0412967094111778,0.0115950401682956,-0.04631857041488274,-1.7947889171205134,1.2448310117549177,0
PUMP-001,1779675540000,0.0,0.0,0.0,0.0,0.0,0.472138236688787,0.10352393753467613,0.3030362068633407,0.5907979397595687,0.5755247589478739,21.79186411764408,2.57531292606704,17.43128681810828,25.029914955162045,24.48071796587199,1810.1850642395755,251.36691140151277,1473.2251515863916,2034.8246625337104,2020.0283952462948,34.3732819981911,2.6168420869517894,29.422178634468207,37.464661041290086,37.34550235531152,1.9887809224347468,0.13520538893446366,1.7151673258915048,2.293714730619687,2.1882975650064713,0.11739508073719875,0.005418706595840232,0.12112093894195619,2.447812074443256,0.12601397473114062,3.088159870546807,313.7846008172073,1.0986610502220366,0
PUMP-001,1779675600000,0.0,0.0,0.0,0.0,0.0,0.5498289915686835,0.018995906141203046,0.4973440439948077,0.5875725540578218,0.5760161689323721,23.77492533853542,0.5705457700071088,22.439254394149344,25.040147207767323,24.620272203105113,1998.778810957247,15.792016286205614,1965.2952537985047,2035.3984336902267,2027.1615189064557,36.25814648117183,0.6497086614507709,34.854814596726506,38.054182625522294,37.29800264477817,2.0734885753116297,0.08363563564008765,1.8543759147987215,2.2413833191981443,2.206646744224127,0.002245902879213535,0.00012399862558042077,-0.0028678186215322604,1.8848644829807242,0.08470765287688287,1.98306122089134,188.5937467176716,1.0373771857934684,0
PUMP-001,1779675660000,0.0,0.0,0.0,0.0,0.0,0.5492869433354708,0.022619157253857988,0.4921514333280766,0.5900684663010968,0.5870135601759975,23.715114544649104,0.6161943525005213,22.225272348161663,25.093755140190844,24.700430238427305,2000.6964237540167,13.358477286302533,1964.163571952215,2027.8611236026188,2021.7672716892725,36.50756872952617,0.7992203489266856,34.122772582919794,38.65361577085797,37.51184542483956,2.0734418431955177,0.08456741071398433,1.9238781638170976,2.3214794762470414,2.230050415578892,0.01265792388841951,-0.0009553703767498081,0.009118865085966094,0.24942224835434246,-4.6732116111947164e-05,-0.05981079388631727,1.9176127967696175,1.0363595307205458,0
PUMP-001,1779675720000,0.0,0.0,0.0,0.0,0.0,0.5478774502225258,0.018559450869976426,0.503001483350547,0.5839393179226762,0.5774133835207668,23.760694310360545,0.5156618569206965,22.696756920411797,24.932856506041315,24.59716731111027,2000.6542931460383,13.281733782702103,1969.8463246699864,2030.9870946556275,2025.2000831541482,37.408255346478064,0.8207063497326944,35.72230307453978,39.6538054498787,38.75392569067053,2.0815157219563454,0.08215104469863499,1.9151271040232292,2.3230580720759284,2.23417095734002,0.02196515154725075,0.00014881403439174733,-0.0007490875858250738,0.9006866169518943,0.008073878760827657,0.045579765711440956,-0.042130607978378976,1.0404169719228111,0
PUMP-001,1779675780000,0.0,0.0,0.0,0.0,0.0,0.5455795961242873,0.019235538324295986,0.4998885643282446,0.6120041142097603,0.5747124087129187,23.83549878074282,0.520301891213214,22.88476307282135,25.38228718249989,24.76027260807431,2002.3566776750451,15.81770008542005,1969.6662210215736,2037.5635692997157,2027.6959567067595,38.38616876839982,0.8342401412620519,35.83815985046424,39.84327817829057,39.621321385204865,2.084366212995975,0.08527685820948792,1.904940214542974,2.254758587683117,2.2196901871421097,0.029676589315506773,0.00028061148868207804,0.003906298393231195,0.9779134219217553,0.0028504910396294214,0.07480447038227567,1.7023845290068493,1.0409559871521807,0
PUMP-001,1779675840000,0.0,0.0,0.0,0.0,0.0,0.5519263278829297,0.021146885403199547,0.5066028545064772,0.6091677435527062,0.5896227233429226,23.920971250210165,0.5197614740202621,22.631520771596527,25.032604693458374,24.80041366118434,2001.1707193387488,14.972250437094864,1962.473977120786,2028.4188132826423,2023.9035340113337,39.770690443558784,0.7629826195644418,37.87086711652056,41.660096968330954,41.161975118233876,2.105731330012981,0.08432404985520973,1.8935317204533393,2.33073551995463,2.2345107329967764,0.014820207677979638,-0.0006454816975400502,-0.0037779181312838075,1.3845216751589646,0.021365117017006163,0.08547246946734433,-1.1859583362963804,1.0522491946412185,0
PUMP-001,1779675900000,0.0,0.0,0.0,0.0,0.0,0.5495027583350507,0.020300662143562506,0.5021863616002887,0.5904047881071032,0.5889059713247502,23.965470615068934,0.5744535035557763,22.435291452887835,25.24507976951162,24.847582292544484,2001.6351388185979,13.60349201492297,1972.2770981454112,2029.2232592181888,2023.4553422918611,40.96502390820855,0.7641028360735931,39.00011981509704,42.941076186693856,42.220266585997,2.100080370192288,0.09722289896875692,1.861504379588426,2.321339257865435,2.2695988991223053,0.018975166312248614,0.0001313970139838251,-0.0024707070652098036,1.194333464649766,-0.005650959820692858,0.04449936485876904,0.4644194798490844,1.049181881494103,0
PUMP-001,1779675960000,0.0,0.0,0.0,0.0,0.0,0.5521331781047426,0.019726411859404713,0.5068508692860834,0.5962092028573598,0.5844428410278959,23.987164293515164,0.5349874548520926,22.372460417026925,25.243876501546193,24.835767766179895,2003.1273263226888,15.425963674655202,1963.1253867317137,2040.3647198339363,2026.7083020275272,42.01209396912767,0.6848651145562658,40.33298051743556,43.84412220247808,43.019217280160575,2.109009209829812,0.08064714694606491,1.932676782130574,2.3099563138349377,2.2357248161705923,0.004866398905410377,9.503658936117808e-05,-0.0006698530611308878,1.0470700609191184,0.008928839637524,0.021693678446229825,1.4921875040909072,1.0528577635869678,0
PUMP-001,1779676020000,0.0,0.0,0.0,0.0,0.0,0.5491662029142357,0.019900301025352365,0.4887497652891451,0.5983717321709676,0.5788525849809455,23.955962367583037,0.6145430459764583,22.33184472813672,25.54057954949174,24.851921809911047,1999.136772025188,15.42135473581784,1961.4719771602888,2031.0798323890924,2022.4835047893566,42.5489469613996,0.7262219862526734,41.179030452919015,44.04877788904358,43.8365942004717,2.1175501204783247,0.07549733207545538,1.975758049912142,2.364942301001663,2.2190902635305796,0.011529895080177554,0.00028253667332568195,0.007939134212894895,0.5368529922719318,0.00854091064851259,-0.031201925932126784,-3.990554297500694,1.0592317098451807,0
PUMP-001,1779676080000,0.0,0.0,0.0,0.0,0.0,0.552699902193201,0.017808432601673366,0.5069153163521052,0.5934984357743014,0.5797540701418851,24.130482298850445,0.47115230690542,23.148148069185872,25.391453715262557,25.003918716927554,1999.7707614378692,11.940649966709621,1973.9672560562376,2031.172767196819,2023.8450833471438,42.6511031735103,0.6782375714067885,41.19567207834789,44.32517974959647,43.797917409991506,2.11667137436441,0.09666591744853059,1.8471692048344133,2.337680689003389,2.2629266788113154,-0.005684864164457499,-0.0004920274728031419,-0.002894895174167035,0.10215621211069958,-0.0008787461139148078,0.17451993126740817,0.6339894126811032,1.0584564774744534,0
PUMP-001,1779676140000,0.0,0.0,0.0,0.0,0.0,0.6198692780880731,0.10307857324088152,0.5045390200233382,0.7879711832350245,0.7758998149786507,25.708431947070114,2.645419035969758,22.548098114432655,30.043299396442617,29.59277486306198,2208.765791598128,290.4000353057661,1964.5486185194131,2630.6564408220065,2613.4737600242124,44.17074295215985,2.604874718366461,40.760239850105584,48.58270480361366,48.31870496176292,2.204167317984904,0.14600493850225132,1.9588625799692605,2.5441962897334824,2.4566523898015666,0.11137959871213843,0.005459008033379393,0.11803638666178992,1.5196397786495481,0.08749594362049429,1.5779496482196684,208.99503016025892,0.9979176282300514,0
PUMP-001,1779676200000,0.0,0.0,0.0,0.0,0.0,0.7570432427555721,0.023203770950543937,0.7125581844239413,0.8020245556059588,0.7934144174075362,29.640586171448003,2.0963715234405176,28.25962013986408,44.69390434205771,30.553912041092936,2596.8081089926263,17.725672211757605,2557.564917128976,2635.815965864758,2624.6328834224264,46.82014104401483,0.7761346910227336,44.94717886482819,48.38829093788473,48.018416671221715,2.4497860028410177,0.5631153206833321,2.221496458501142,6.69264116472144,2.503466247802865,-0.011656438472078113,0.00715895850041869,0.030848306072202847,2.6493980918549838,0.2456186848561135,3.9321542243778893,388.04231739449824,0.9433831675795981,0
PUMP-001,1779676260000,0.0,0.0,0.0,0.0,0.0,0.7475035463933392,0.02065412486614616,0.7033170567662103,0.7930723961055005,0.781814166008955,29.170897628308015,0.5530096922945943,28.015598584696388,30.463323498816333,30.117692164631276,2601.4260255014738,16.564424641136366,2558.886120473366,2635.095753457401,2632.043166151679,45.80959616014662,0.8559778181687901,43.48484789035749,47.82889818557161,47.317209229472105,2.4325951198960327,0.09173157866654107,2.2626501673620245,2.6846817740614237,2.589795446300298,-0.022084216075994978,0.0009483963186605535,0.0010993381327890825,-1.0105448838682136,-0.017190882944984942,-0.46968854313998776,4.617916508847429,0.9351002722927061,0
PUMP-001,1779676320000,0.0,0.0,0.0,0.0,0.0,0.7531207818653464,0.02144040926793333,0.7033797967829563,0.8094849475331617,0.7862656149409928,29.48578324863582,0.5708119501648348,28.23254369584216,30.78570705616008,30.450326434208655,2599.746746918671,13.780239717567337,2574.531503783075,2627.7549349444716,2621.2332782069698,45.05557927492407,0.6814167204373714,43.44005923287032,46.52545166619721,46.05439079159366,2.4721313620425076,0.10017774774170662,2.2910085162591893,2.7608257726323124,2.6369387548793957,-0.011156850494857972,-0.00044217317270622207,0.0024699367509920505,-0.7540168852225477,0.03953624214647489,0.31488562032780365,-1.6792785828029082,0.9509120125106677,0
PUMP-001,1779676380000,0.0,0.0,0.0,0.0,0.0,0.7472219614423751,0.018896530665606613,0.7020362897998526,0.7843407245225624,0.7799259956959019,29.484264572480086,0.5301092721448973,28.337793965015624,30.58652821720611,30.350281549843352,2598.9185647914483,16.08310348240393,2563.0877818785084,2634.690335696513,2623.0740725727737,43.96155538153195,0.8137470029135254,41.67904372760174,45.7189192537021,45.124635501777405,2.5176558766603225,0.08887168447383911,2.294937921322055,2.6993679366600833,2.6590771988474606,-0.023842214156367274,0.0011802188581016297,-0.0016622094039705107,-1.0940238933921194,0.045524514617814926,-0.0015186761557330897,-0.8281821272225898,0.968731741746826,0
PUMP-001,1779676440000,0.0,0.0,0.0,0.0,0.0,0.7527421606191579,0.019178113205147063,0.7143934984215029,0.8013939926416913,0.7829171771299659,29.713224273938092,0.5370758776317514,28.5059113766336,30.933670217420293,30.531027879611674,2602.65618853803,15.523599117412537,2563.1665696728364,2634.8606975978055,2625.7729825304773,43.69922913663401,0.7787543737394175,41.97581729804713,45.57020287440992,44.89758293217235,2.529145148906628,0.09087022726293949,2.356136071420664,2.7201033171241926,2.665208834893528,4.986203738717705e-05,0.0008707457688760949,0.005397339313652114,-0.26232624489794176,0.011489272246305582,0.22895970145800604,3.737623746581903,0.9717550048638194,0
PUMP-001,1779676500000,0.0,0.0,0.0,0.0,0.0,0.7494554769545402,0.022773624065196785,0.6828957285549612,0.8022960960162964,0.7761058001200671,29.761711909509447,0.6151518982476207,28.168667806219943,31.07702631128399,30.607217443946865,2599.5548994681453,15.757480196573628,2553.3307982489578,2623.011263808891,2622.0519513906565,43.386893433325945,0.9166857160083263,41.47977934809573,45.15899687654603,44.92709920097276,2.5473197029628887,0.11208102655207233,2.2871116442699364,2.84446849548639,2.719736429666322,-0.003641760321760687,0.0019257437069725956,-0.0025944070666621007,-0.31233570330806515,0.01817455405626056,0.04848763557135527,-3.1012890698848423,0.9799057229290803,0
PUMP-001,1779676560000,0.0,0.0,0.0,0.0,0.0,0.7552288094815995,0.021187577484706812,0.6938184504417698,0.8143537021476304,0.7844901642310602,30.023729734158906,0.6598468684847311,28.36342258828328,31.785545339798563,31.005141854356722,2603.1160849153016,14.08670435266251,2573.6033420623303,2633.238870525651,2623.7610267040445,43.934359384834856,0.9406119827415621,41.89997253634551,45.80541847370131,45.24774456811615,2.5945891410050725,0.0891443528236938,2.405310296919557,2.780632430437854,2.7487324630755268,0.022276709098438763,0.0007162968308672597,0.00972517942299967,0.5474659515089115,0.047269438042183864,0.2620178246494582,3.5611854471562765,0.996723949160932,0
PUMP-001,1779676620000,0.0,0.0,0.0,0.0,0.0,0.7490537454483157,0.01750004241232563,0.7091993518306453,0.7867087504983723,0.7763179943764649,29.944823289470484,0.5221204190251232,28.85069685015841,31.16420454064264,30.77807811293099,2602.715922101269,12.100885607295114,2578.362386614493,2628.9564345566178,2623.2139271253936,44.39690429215683,0.7129585221241275,42.654502932667306,45.989936199545745,45.38639321078325,2.6293945169161304,0.10133850675004809,2.2931792038197867,2.8181363291352777,2.775204904284403,0.02018280619172604,0.00043333029939840516,0.0017373142219573963,0.46254490732197695,0.03480537591105781,-0.07890644468842112,-0.40016281403268295,1.010249902549265,0
PUMP-001,1779676680000,0.0,0.0,0.0,0.0,0.0,0.7507170093730476,0.01858408386196263,0.7071560422780288,0.7991658669433498,0.7760375462781529,30.123751739529613,0.5881404220823219,28.85177031196819,31.32767725842695,31.007980187729373,2598.8644265951275,16.05548855299117,2554.5806962278043,2626.47799722068,2624.2872319391995,45.70697594998471,0.9346057455624787,43.657342418639224,47.50939245321746,47.10744158742304,2.653273490608503,0.10530013621084774,2.427498815578612,2.8673267892910173,2.8138651656574045,0.029563770312216145,0.0005102324081951795,0.003300665097991024,1.3100716578278764,0.023878973692372796,0.1789284500591286,-3.8514955061414184,1.0209353141015298,0
PUMP-001,1779676740000,0.0,0.0,0.0,0.0,0.0,0.7560119241496079,0.03404390212400198,0.6809103148361514,0.8639825287698459,0.8282686018391285,30.42379933297294,0.9183988914053661,28.00286350046411,33.08655115213419,32.22879659755373,2627.0751717890234,81.35605512136463,2572.158516157899,2893.087296014042,2888.257972819762,47.47524712016186,1.1958312447666977,44.980998802328536,51.07284424786375,49.360505500106235,2.7438808835665265,0.11865093776394943,2.439539433578223,3.0059972803676698,2.925645300485357,0.039711813160879225,0.0029316866736980368,0.018083535914197008,1.768271170177151,0.09060739295802334,0.30004759344332754,28.210745193895946,1.0444618671631283,0
PUMP-001,1779676800000,0.0,0.0,0.0,0.0,0.0,0.8511360956430969,0.02084146085036763,0.8067580618272839,0.8885001905821734,0.882212895287966,33.03909113236273,0.6154871725402175,31.69227083022319,34.22550889998853,34.00900071432044,2896.4851139495527,14.20072096923031,2867.4270819775325,2925.949386069044,2920.0544344359605,51.41804162391384,0.8068107585689676,49.477293252380086,53.32628270216144,52.61001816708474,2.8996681124508186,0.11448692163462201,2.696869285336117,3.226514582946525,3.122927680259184,0.018278785878848076,0.00030803621482926536,-0.0007216122680295095,3.9427945037519763,0.15578722888429208,2.6152917993897873,269.4099421605292,1.0010985719855314,0
PUMP-001,1779676860000,0.0,0.0,0.0,0.0,0.0,0.8463410194181916,0.018134986733331714,0.804320611845037,0.8822861288631825,0.8723581621863302,32.96658604230151,0.5646734612284634,31.445217389046263,34.00078297891617,33.67932110280636,2899.6135810679452,13.157643126169742,2869.5426735324477,2927.082278330493,2918.9412365408275,52.53511750957778,0.7125915437664557,50.764107726869064,53.76745479037239,53.541428788176916,2.9341380473827225,0.10521092883822748,2.671725539059337,3.0927947561534315,3.0715198304356903,0.009909582560506813,0.0016362266946171604,-0.0010637471199922521,1.1170758856639438,0.03446993493190398,-0.0725050900612203,3.128467118392564,1.0119062259309173,0
PUMP-001,1779676920000,0.0,0.0,0.0,0.0,0.0,0.8519364475305277,0.01743072649830889,0.8060718039855866,0.893747561479795,0.8797719157671439,33.22886737978456,0.580056197395916,31.626232286723017,34.3188693180576,34.14664683943466,2901.143212140423,14.350977811600963,2871.5812017862586,2939.1671681607486,2926.4968070973923,53.56441369790923,0.83399470074482,51.91118758771665,55.952333159356144,54.72445028065189,2.9638333780552126,0.10665275183304068,2.7509890878978283,3.2829484150416057,3.1369839608513908,0.015758476931260382,0.00013142581983662975,0.004399291031132425,1.0292961883314504,0.029695330672490083,0.2622813374830528,1.5296310724779687,1.0216084280307245,0
PUMP-001,1779676980000,0.0,0.0,0.0,0.0,0.0,0.851625095371594,0.02298860377577245,0.7842582041243817,0.9103773380273216,0.8904171283109251,33.40641523174974,0.7128409690676778,31.53734029103857,35.366216107689844,34.82116649646381,2900.128341919258,17.17418039027838,2862.1019380276734,2939.185157333054,2928.5680395640843,54.342881626387666,0.8162552021055257,52.40342523223632,55.792765010044704,55.60559469973064,3.022761845840167,0.0940671577776926,2.843189875248755,3.354485574377353,3.1594905125391177,-0.005651775160033671,0.00018642251721366914,-0.00707303784719373,0.7784679284784346,0.0589284677849542,0.17754785196517986,-1.0148702211649834,1.042285184370347,0
PUMP-001,1779677040000,0.06666666666666667,0.2515488742932317,0.0,1.0,1.0,0.8462167812854453,0.021727419865240342,0.7939720078090595,0.8844679357232168,0.8741463286935219,33.409867217598205,0.6666648681070163,31.402513819427696,34.646180965138406,34.35990152430423,2901.0696452135726,15.956117315313698,2861.1135399001123,2933.0831009817325,2927.875647339289,54.16711358209394,0.7651604762737741,52.11825265453268,55.38604196104835,55.16160756122109,3.0575904175053834,0.10252965888182265,2.812892444128755,3.278156567274238,3.228039234455414,-0.008158957235934905,0.0011983052630157624,0.007858324711590986,-0.17576804429372572,0.03482857166521658,0.0034519858484642896,0.9413032943143662,1.0539524166879735,0
PUMP-001,1779677100000,1.0,0.0,1.0,1.0,1.0,0.8522954047204556,0.02141578527802464,0.7959518808865541,0.9128901366580692,0.8781669013902762,33.69920543628852,0.604733819555525,32.0534333705252,35.47706368516619,34.60184833976556,2902.4605596887427,17.05044190536046,2864.2660499304097,2939.7020879396487,2933.9652685490883,53.999344985890914,0.8417273791281645,51.44093729212445,55.60782490863395,55.3473777505475,3.087212931118719,0.1307568518544648,2.7337075222232525,3.4056439041030284,3.3011292649708124,-0.016762441637002957,-0.0011496721105376936,-0.009439307093620782,-0.1677685962030253,0.029622513613335677,0.28933821869031817,1.3909144751701206,1.0636533396327872,1
PUMP-001,1779677160000,1.0,0.0,1.0,1.0,1.0,0.8516132186764198,0.024164940026268275,0.795158639433216,0.9031446508388452,0.8878313080212137,34.08722517399327,2.402180164625323,32.5950638241344,51.5929340531833,35.064229511404065,2899.5223498619316,16.693958492886054,2868.914888360233,2936.6892501553757,2924.0818222916955,53.19173799098002,0.8524652199096019,50.75982059947293,54.96687882815933,54.547094623724306,3.188949546539121,0.5892508201484725,2.8178987438394807,7.587171443198686,3.3057937331981653,0.001057806738748304,-0.00421024124794736,-0.011174599279106317,-0.8076069949108913,0.10173661542040202,0.3880197377047452,-2.9382098268110894,1.099818543172267,1
PUMP-001,1779677220000,1.0,0.0,1.0,1.0,1.0,0.8540791501092878,0.020682283831340277,0.8030965819197344,0.9069089611898086,0.8847801961149261,33.93480994057332,0.5642930473616389,32.72621250502127,35.496220664440685,35.11085573268816,2903.1649574217663,16.301353420632722,2865.838781122878,2949.4471187479303,2927.949164559894,52.297445820760366,0.8095608463555575,50.17187951702447,54.86634645426065,53.502428033453725,3.1567412424787498,0.11729821601999657,2.921730266546995,3.492284618614411,3.353775469186222,-0.023509114829879173,0.0012485831963775483,-0.005511717528293158,-0.8942921702196571,-0.03220830406037134,-0.15241523341995133,3.642607559834687,1.0873443987618874,1
PUMP-001,1779677280000,1.0,0.0,1.0,1.0,1.0,0.8510463979307822,0.020768912179938065,0.7845799171199953,0.8893672365205453,0.8820509401709914,34.14649019938088,0.6781077158710641,32.35059117525516,35.52481568034869,35.17080330138811,2901.4218256884283,15.308968135466419,2865.469953333861,2941.3512946466394,2926.1804287751997,51.5973603195284,0.9460294613757959,49.13010037958708,53.81577121612735,53.21755942991187,3.1961405231823576,0.11158104562938216,2.91051256553019,3.4030782599088742,3.383056405328597,-0.010856084415275686,0.00017527478478899364,0.002887905652830259,-0.7000855012319676,0.039399280703607875,0.21168025880756147,-1.743131733338032,1.1015769555835078,1
PUMP-001,1779677340000,1.0,0.0,1.0,1.0,1.0,0.8568645491824228,0.015694271837809283,0.8370482799723623,0.87770517127501,0.8765251224473601,34.50059232594862,0.4767049436740387,33.75347172022457,34.98230712960722,34.9706947400384,2904.9594820365505,16.987290182368234,2881.7247382978653,2932.2469306047883,2926.4810179074925,51.32889226850524,1.0479520615221753,49.908194746272166,52.80336735822903,52.746767567408476,3.1776828588416985,0.1461547478047918,2.9372951301794,3.3780234107365263,3.3431991604246445,-0.22773509439740325,-0.013039604216664783,-0.07771164030402504,-0.26846805102315585,-0.018457664340659097,0.35410212656773865,3.5376563481222547,1.0938816133615537,1
PUMP-002,1779677340000,0.0,0.0,0.0,0.0,0.0,0.34665441846823997,0.021876420248401425,0.2920682249795641,0.3872176853553891,0.37886661645102304,18.85125818520653,0.5838246284394114,17.49193153527255,20.34485154462968,19.606105526334765,1497.5707291479596,11.267938066834294,1472.286859040795,1521.4885964638358,1512.2841373871681,36.65809228597483,0.6854107973425801,35.04196292351828,38.02653249599537,37.73310666737948,1.8177908316428328,0.08297166895688,1.6571928003307097,2.0040730976320047,1.9623609451552424,0.003467148043642678,0.0016562911747263994,-0.002498367974864842,0.0,0.0,0.0,0.0,1.21382555256773,0
PUMP-002,1779677400000,0.0,0.0,0.0,0.0,0.0,0.3456548654970049,0.018643903829749193,0.3063034797993625,0.3954061534994387,0.37394065842887053,18.884310086086636,0.5197802437368826,17.73277183249145,20.46733125473987,19.686818244068633,1501.6450802903207,15.44279888497299,1455.7984862860656,1543.2883648600846,1525.5887190119727,36.60149800561043,0.640244824553595,35.32364303411694,38.11914086011912,37.7854300463355,1.8325890595124832,0.07578846943226769,1.6731704408292214,2.006649314804757,1.9487225642314887,-0.00271022322546913,0.0005368804700707746,0.007585122607294535,-0.05659428036440062,0.014798227869650349,0.0330519008801069,4.074351142361138,1.220386803232743,0
PUMP-002,1779677460000,0.0,0.0,0.0,0.0,0.0,0.35478379409611466,0.020629874563007234,0.3034856018468817,0.3995075419458975,0.38736546078871753,19.047371247538724,0.5948387245990064,17.50249532398494,20.412873577909764,19.779593990550687,1496.3255061489153,11.77831761345178,1468.7117751593523,1526.9416020416984,1515.7539571412992,36.1399612122115,0.6672855008298143,34.305400811309084,37.51263371866538,37.06000901740166,1.8308765778733496,0.08097602121453351,1.6542146461756029,2.0037082329250033,1.9442117486572559,-0.010263769627122101,0.00022849313040601915,0.003133690323886622,-0.4615367933989276,-0.0017124816391336228,0.16306116145208804,-5.319574141405383,1.2235809299305025,0
PUMP-002,1779677520000,0.0,0.0,0.0,0.0,0.0,0.3489486409969015,0.019821717963565095,0.3056403122147725,0.3976882358083292,0.3808942925388198,19.038895284176405,0.5770673769397641,17.60454924643713,20.535877117790324,19.92931528498602,1500.9226881297227,14.516780774341505,1469.9168888912768,1535.462839004725,1523.9446887451888,34.95561125600818,0.76093579360327,33.03285570507675,36.77969072936424,36.05934134694542,1.8304931639299196,0.07507069099654345,1.6846157038959415,1.9981110616776312,1.945699666539169,-0.022102326277911425,-5.306921698344979e-06,0.0018823231134508826,-1.1843499562033202,-0.0003834139434299999,-0.008475963362318595,4.597181980807363,1.2195777696139025,0
PUMP-002,1779677580000,0.0,0.0,0.0,0.0,0.0,0.35546904254296785,0.01976318257495641,0.2924542841044925,0.3975114220881307,0.3830515255222474,19.22420684199687,0.5302594617048185,17.761466585697082,20.298407784943834,19.971031291767314,1499.4722444733247,16.683378454596603,1469.4411202918343,1545.0227003788468,1531.5020946345576,33.82849447098855,0.8118194741539304,32.03843162695529,35.694748543865316,35.365008931100824,1.8715783906507477,0.08877235893769776,1.6755646629331868,2.0567642235838757,2.028753339154228,-0.026516200271066607,-0.0006369618776872198,-0.003705366532508856,-1.1271167850196306,0.04108522672082815,0.18531155782046582,-1.4504436563979652,1.248157242917743,0
PUMP-002,1779677640000,0.0,0.0,0.0,0.0,0.0,0.346006269965843,0.01810074801158029,0.3108403642271233,0.3961280543693432,0.3752435026621504,18.93430680399088,0.5431556226987942,17.82597908935387,20.76958552955812,19.75301568230623,1501.603399701265,15.506928350757256,1465.7523145603104,1537.1940749964213,1528.9091623688075,32.42023003640695,0.70260814394139,31.304963744043793,33.97565089312302,33.72761860352861,1.8537840188486467,0.09364240176180041,1.5894756336608231,2.1318658228104064,1.9876221536812004,-0.02128223866645279,1.2494348233805554e-05,0.000273003140121603,-1.4082644345816036,-0.017794371802100972,-0.2899000380059924,2.131155227940326,1.2345355535835176,0
PUMP-002,1779677700000,0.0,0.0,0.0,0.0,0.0,0.35444061126257037,0.022740859675931997,0.3088250927515207,0.4105753410501095,0.392284399479372,19.227305006947745,0.6377059805683697,17.625313383031568,20.51204722686679,20.241685953755255,1501.103078978644,11.91343974051279,1465.105697521426,1523.307016951784,1519.7528375887537,31.820628689694626,0.6887121453135427,30.168326312483856,33.107889248520074,32.8810461626294,1.8653026585352712,0.08451832271997682,1.6929570632059143,2.075932121578804,2.004376812953567,-0.006195951313664988,0.00010559320347602724,0.004846272168159091,-0.5996013467123227,0.011518639686624477,0.2929982029568663,-0.5003207226211543,1.2426204715960996,0
PUMP-002,1779677760000,0.0,0.0,0.0,0.0,0.0,0.34815556296211775,0.021044998765706046,0.2936760830793617,0.4015748255086969,0.3800810985507948,19.09804994922932,0.5843725414888431,18.175553165150575,20.565039530745075,19.884227205798943,1495.9744820011058,13.740758391805926,1467.6455408492247,1523.813191245947,1517.1358573757334,31.24421959127289,0.6603531558776974,29.712845226999743,32.88200808342943,32.345994868963864,1.8749963848385724,0.0755218372343192,1.7007157262001489,2.0455409369050126,1.9919520436726574,-0.00018358552216986786,-7.131424553756748e-05,0.006634524895140337,-0.5764090984217347,0.009693726303301231,-0.12925505771842438,-5.128596977538109,1.2533603708066563,0
PUMP-002,1779677820000,0.0,0.0,0.0,0.0,0.0,0.3531981949432952,0.018746145489567975,0.3025820333367519,0.4035652399607515,0.388485905819269,19.266426311575675,0.5167142683297463,17.907787325929238,20.56983174241129,20.09627100581917,1496.6965512777529,13.435625777016444,1469.3056041577686,1528.1822338525706,1518.1718150725676,31.76757819062234,0.5837593204644852,30.04814418077505,32.83884466523207,32.62269232586776,1.8900321081727183,0.09488407694099635,1.737029991408562,2.1011793448781297,2.034416841516591,0.009425502730057857,0.0008741849916825573,-0.000546907020858085,0.5233585993494501,0.015035723334145823,0.1683763623463541,0.722069276647062,1.2628016305359557,0
PUMP-002,1779677880000,0.0,0.0,0.0,0.0,0.0,0.3496565538603847,0.022939354002337216,0.3031751662825869,0.4084903284976132,0.3857984526985265,19.195691705711603,0.6614289799975687,17.884929166183053,20.885710556619493,20.16215646209663,1502.4565075261123,14.919219805338807,1463.9957311452508,1531.5315204794624,1526.8468723220574,32.53301752996903,0.7206917356786315,31.1211491526151,34.621419916603976,33.67199456670785,1.8829845436629398,0.08161972113248236,1.673631188192256,2.044948280609765,2.0068181388331867,0.014491579068356684,0.00039321452660065335,-0.005198878862508379,0.7654393393466883,-0.007047564509778503,-0.07073460586407165,5.759956248359458,1.253269749214664,0
PUMP-002,1779677940000,0.0,0.0,0.0,0.0,0.0,0.5275895542839908,0.07364647008054105,0.3241736107428347,0.6038281123708951,0.5919068793483706,23.746927461320077,1.8802296909353553,18.601071302993834,25.62574654999521,25.27055128285317,1934.769852670421,171.52859224678292,1482.8083865303706,2051.829411917157,2021.2180595167258,38.441655934174676,2.1697001401416665,32.88033948792157,40.63294152655591,40.39539720900758,2.1082552529189713,0.11245255257104055,1.8224557081804864,2.384843871091042,2.2860265546143452,0.09119532964325454,0.0016600293911492217,0.06706448447728676,5.908638404205647,0.22527070925603154,4.551235755608474,432.31334514430864,1.0896666393382466,0
PUMP-002,1779678000000,0.0,0.0,0.0,0.0,0.0,0.5501676479039624,0.022462434804335817,0.4941196126611514,0.6072451177891329,0.5874148047911701,24.354827194093073,0.6807881074865272,22.690080961170825,25.95809179716643,25.40659460490175,1999.2077862005212,15.365108985938358,1960.117550009441,2027.540979152567,2020.71109490155,40.504125677430366,0.6713577956417468,38.8487644078899,42.03123295358525,41.52124157989591,2.1238710238084217,0.09393907032602572,1.8825204895610583,2.3172677988348043,2.2645784444286408,0.014759403178545998,0.000435211542841829,-0.005915684124703612,2.06246974325569,0.015615770889450431,0.6078997327729958,64.43793353010028,1.0623557871835987,0
PUMP-002,1779678060000,0.0,0.0,0.0,0.0,0.0,0.5539807500197914,0.01934618976399519,0.5086608984856923,0.5894311661922667,0.5822627977975617,24.465096044742914,0.5429581736409366,23.085606191054943,25.32702381848093,25.196940814285934,1999.0546012948028,15.37045837127106,1968.7251778807563,2051.5718088018875,2024.9600742349353,41.73118652866275,0.8384948361507175,39.89226515894304,43.45454408501992,43.08337505171626,2.1234576443813244,0.08480302648182832,1.9803290164162368,2.351580229115119,2.240366549480955,0.022921098584278002,0.00040067813507889833,0.005381331883310563,1.2270608512323804,-0.00041337942709729347,0.11026885064984171,-0.15318490571848997,1.062230406701017,0
PUMP-002,1779678120000,0.0,0.0,0.0,0.0,0.0,0.5501162976653917,0.01729991932067242,0.5082609617058039,0.588585168750037,0.577339336163516,24.458528193511096,0.4986498961820015,23.25648441736685,25.644110336377658,25.46969584932088,1999.0415943680296,16.261592317360822,1948.997139919126,2027.833496361887,2021.1877117272884,42.774475473519175,0.5713591590379623,41.45070878639271,43.82365615053434,43.63005933578789,2.1438116628804362,0.07815075012289992,1.9569021056831544,2.281111262090506,2.2542077885097846,0.008073279126681585,0.0003865161455122806,-0.00203296884117082,1.0432889448564282,0.02035401849911178,-0.006567851231817912,-0.013006926773186933,1.072419201531908,0
PUMP-002,1779678180000,0.0,0.0,0.0,0.0,0.0,0.5485984615403108,0.018295972163122686,0.5008167114402766,0.585989002198904,0.576225113690197,24.576242602306145,0.5231832864266593,23.01224073506772,25.69593655828885,25.311458809754743,1997.9671290554406,13.807174885424942,1968.7031256436633,2035.1196708638415,2021.146158310712,43.22800565232801,0.6865242509657,41.62179500069202,44.61107882298182,44.24582838567128,2.1757760381384297,0.0818473623816144,1.9769636119788987,2.349456514475458,2.3122495047846887,0.007960178559899483,0.0012989529026860825,0.0095239997173739,0.4535301788088333,0.03196437525799345,0.1177144087950488,-1.0744653125889272,1.08899436707584,0
PUMP-002,1779678240000,0.0,0.0,0.0,0.0,0.0,0.5530921462605622,0.019857968359230642,0.5180797850809326,0.6005736049737481,0.5826660178530148,24.813784665673218,0.5912302092669016,23.756996620513664,26.373714317114768,25.926362876098885,2000.3971571235577,14.425809707612752,1964.856997994636,2031.368033911056,2023.1571802731335,43.34682261328588,0.7224637154674841,41.83170213151428,45.08974812368883,44.62866875465447,2.188298140594715,0.09275017504182421,1.973011235732674,2.3821485002032854,2.3179115733434776,-0.005940308329514253,0.00030293168254294945,0.0037179439508591033,0.1188169609578722,0.012522102456285378,0.23754206336707284,2.4300280681170534,1.0939312920290554,0
PUMP-002,1779678300000,0.0,0.0,0.0,0.0,0.0,0.5452861800758301,0.020307575851040097,0.4910054698740069,0.5904227517227846,0.5758740417178518,24.7672942110702,0.6860338413326048,23.18266714104013,26.07426289739704,25.82940892427124,2001.8894855607202,16.35318376581584,1949.707673528197,2033.880477873746,2022.0674916787111,42.65937225540627,0.7872133297440508,40.358404180607934,44.69260391718637,43.7944514986856,2.2778021686732326,0.09348794667095439,2.0575284468914306,2.4737341539685636,2.3946923641654,-0.015136197745101769,0.0006921585716826732,0.012800757241943593,-0.6874503578796123,0.08950402807851754,-0.04649045460301693,1.4923284371625414,1.13782556293794,0
PUMP-002,1779678360000,0.0,0.0,0.0,0.0,0.0,0.5477158481753911,0.022164775594609734,0.507771026000871,0.6026494500356945,0.5838826754607466,24.994319215025087,0.6233064622518802,23.85780029278296,26.540775157942424,26.123807511170675,2000.4708878026029,14.21681490855966,1973.3054854965976,2029.341438603424,2022.5585658190282,41.89591884200614,0.947052793735038,39.55311430639155,43.98489980128968,43.265310393905104,2.291772663968295,0.10276885785878982,2.0710844837970517,2.5907610707606095,2.4242966440436984,-0.029729041344090476,-0.00015498247699612436,-0.005392793267905044,-0.7634534134001285,0.013970495295062335,0.22702500395488556,-1.4185977581173574,1.1456160308684307,0
PUMP-002,1779678420000,0.0,0.0,0.0,0.0,0.0,0.5496892993510533,0.019437763854807003,0.5104812957279168,0.6071728623175046,0.5827441648908903,25.12782171550445,0.5760234778746578,24.082503219957065,26.854164843608352,26.101346046252676,1998.9942200374198,12.650528278173027,1966.8065626774255,2026.5564348396672,2021.076881573905,40.63356864245507,0.6604073847340781,39.01011940384113,42.343171100116066,41.5800047262763,2.3357783924421427,0.10287245072545768,2.070773940356043,2.5650281720576458,2.511317403536955,-0.01111550216843449,0.0020370227244655486,0.011562711650960376,-1.2623501995510722,0.04400572847384776,0.13350250047936285,-1.4766677651830378,1.1684762269708773,0
PUMP-002,1779678480000,0.0,0.0,0.0,0.0,0.0,0.5550633833252901,0.018377567161014425,0.5114097191605412,0.5902129755474574,0.5820665454786264,25.508373785623103,0.5358740371536124,24.216464945769346,26.469624395682892,26.30139530717728,1999.9820642339967,15.015910871912272,1961.183255561837,2034.2474257561908,2021.1626454731686,40.11965922833287,0.7350300866472473,38.47039301059995,42.29179527223585,41.16219206246991,2.3838062338981003,0.09373641760446563,2.218989348468315,2.666207204184234,2.5655964543435874,-0.010148373441421797,-0.00024226719650528728,0.003645959621147057,-0.513909414122196,0.04802784145595762,0.3805520701186538,0.9878441965768161,1.19191320993066,0
PUMP-002,1779678540000,0.0,0.0,0.0,0.0,0.0,0.7272800084400595,0.06967735580444334,0.5328319156769187,0.7904197626914351,0.7857188497723184,30.1028346660004,1.8683675351386577,24.931878173477415,31.689375931032966,31.512090914403863,2520.5918170308664,209.10434670396918,1976.1746211612588,2631.78113280678,2623.089357701698,44.18981141510314,1.8726839671455862,38.35031543997392,46.484092788593834,45.905725595536545,2.6757651184593745,0.14844649167209636,2.225340215079123,2.907453744560232,2.8785044915192795,0.059642811018290415,0.0037736946485289447,0.06422933073784122,4.070152186770265,0.29195888456127417,4.594460880377298,520.6097527968698,1.0615618279874706,0
PUMP-002,1779678600000,0.0,0.0,0.0,0.0,0.0,0.7555753067836256,0.01766727907828111,0.7209862943832808,0.7934905718838128,0.7848066547190322,30.909082676854393,0.535725392000782,29.89381565467468,32.04239327124398,31.75145905276267,2602.29547025303,12.853644608137326,2571.7104508719735,2630.435955058983,2622.822140077359,45.19416536237698,0.7894754711375497,43.50353391544611,46.77723472423984,46.31215835593234,2.750458109915475,0.114094299163607,2.544250985517649,3.0372026082237618,2.9534569931307804,0.0018495757814483238,0.0023887016765445444,-0.0026082469754556393,1.0043539472738416,0.07469299145610053,0.8062480108539916,81.70365322216367,1.0569349577790568,0
PUMP-002,1779678660000,0.0,0.0,0.0,0.0,0.0,0.7489529023497712,0.019423649084953764,0.7058998891443607,0.7971771445525894,0.7803319283178173,31.0068103165419,0.6151566531846188,29.6443672248018,32.4258246566268,32.16131169008658,2597.440750753128,13.773816857036921,2560.6109830277646,2634.8626120540443,2622.6791597082993,45.91772821716847,0.8022832841635714,44.0055250445352,47.751027346614904,47.078111177034714,2.815051201753741,0.09173145128726863,2.554851678891599,3.081607058297516,2.9451694043335115,0.01495521698504638,0.0011671589238210248,0.003733686083034843,0.7235628547914885,0.06459309183826578,0.09772763968750553,-4.854719499901876,1.0837783757566524,0
PUMP-002,1779678720000,0.0,0.0,0.0,0.0,0.0,0.7565547973451212,0.021099902788978293,0.7127882872767372,0.817761423261794,0.7922466155285027,31.374251005037024,0.6835363624811064,30.110905985740526,33.0444687834931,32.67580558013999,2599.706700856236,18.463863764960312,2553.2804060310955,2641.6978009289232,2629.3440462118488,47.55639179276919,0.834257385500165,45.93763412312038,49.38837999927007,48.9024999591791,2.8363980757526983,0.10092961079790226,2.652296513331996,3.1037446220013845,3.025519388271551,0.019418884906493718,0.0002876160432267272,-0.0033629450251953905,1.6386635756007237,0.021346873998957516,0.367440688495126,2.2659501031075706,1.0910449951040675,0
PUMP-002,1779678780000,0.26666666666666666,0.44594849085648347,0.0,1.0,1.0,0.7480400491963959,0.016538834108956374,0.7065323742577864,0.7829794973728478,0.7734971413734796,31.25674310202336,0.5692833655994928,29.999460128883772,32.480307122855976,32.0553560681011,2601.333873493812,13.216624020257115,2573.8172560255693,2630.2807137613727,2622.4195829068744,48.98367900285159,0.7471688412755065,47.27692863113812,50.49085623025548,50.35467274678087,2.9061983057490886,0.120337365604672,2.62991050613186,3.175542607758522,3.0786185677528404,0.020793059646734457,-0.0004934812571237637,-0.0022202199925542526,1.4272872100823975,0.06980022999639024,-0.11750790301366365,1.6271726375762228,1.117194996830923,0
PUMP-002,1779678840000,1.0,0.0,1.0,1.0,1.0,0.7547135277829758,0.020460220152633192,0.7091588521871595,0.7936238232330538,0.7872566552290581,31.670062735415122,0.6568377825493116,29.84965932575949,33.436657979077175,32.68692463508176,2600.5372003441303,15.322964324069353,2568.981937247953,2639.307495134829,2626.3430163744065,50.85522234209985,0.8104971172053187,48.99269634015158,52.68954303133068,52.155673430765845,2.930848527271314,0.10381168009553651,2.7371244379365742,3.1612094108058435,3.11669328840524,0.011104104080929786,0.00048177122222499137,-0.002191768234225909,1.8715433392482623,0.02465022152222529,0.4133196333917617,-0.7966731496817374,1.127016141075518,1
PUMP-002,1779678900000,1.0,0.0,1.0,1.0,1.0,0.7474112180533142,0.016617963839425848,0.7093135788193361,0.7833451468206168,0.7681636721114503,31.655359517047145,0.5377908261580676,30.4199542200555,32.61871881492817,32.38076836819652,2599.89595422342,14.292510151423729,2570.524180123658,2639.9024561960455,2620.2585569132925,52.094633871618925,0.7999111130814561,49.95503079827068,53.78103302118719,53.32952478214977,3.0108197751119476,0.10467472790834007,2.840995927966117,3.293727258093429,3.2039160476725628,0.01428863916375111,7.600388793389789e-05,-0.00158272375791337,1.2394115295190744,0.07997124784063381,-0.014703218367976945,-0.6412461207100932,1.158053502936338,1
PUMP-002,1779678960000,1.0,0.0,1.0,1.0,1.0,0.7512201306347694,0.019766687211409013,0.6995912273151933,0.7870442972621031,0.7804481493303583,31.937914925714317,0.6474272289584533,30.525115318884296,33.1083016481177,32.78811021994543,2600.8230804461336,13.675985270185391,2568.1162143343117,2631.4655717521096,2621.335457009821,53.08672679594703,0.8365065029593143,50.508556465070455,54.82268752107822,54.2659754319109,3.0347792057533125,0.10800852351250519,2.813775200205095,3.259939138202276,3.2027531847492834,0.004263790215666128,-0.000581832932747464,0.0029282858572927295,0.9920929243281051,0.023959430641364854,0.28255540866717155,0.9271262227134685,1.1668529327184405,1
PUMP-002,1779679020000,1.0,0.0,1.0,1.0,1.0,0.7467037156693065,0.01614881533406765,0.7029336437893586,0.7863776240174573,0.7728714429924695,31.867350513641547,0.5130437024118099,30.588678968776676,32.895372270975095,32.65091363373209,2600.51869053301,14.528419633327138,2562.3598712823846,2631.358243404351,2621.2394731930135,53.35991510218561,0.7405626500003992,51.47813272027527,54.74308913967382,54.507889477302854,3.0942996965836205,0.1264028241504029,2.7884474936098553,3.4694749968101237,3.3038721563731523,0.004196601478024296,0.002898321271150326,-0.00011795621475279897,0.2731883062385805,0.05952049083030797,-0.07056441207276976,-0.3043899131234866,1.189877434056038,1
PUMP-002,1779679080000,1.0,0.0,1.0,1.0,1.0,0.7528881245634109,0.0225859299448454,0.7037900788345309,0.7961434866911454,0.786893747454867,32.22947273242516,0.7313045809204368,30.143417315680058,34.290606306487184,33.209504579665136,2598.6770612750424,12.865725735026626,2573.597655957069,2621.815786445805,2619.4455446916236,53.38348255411556,0.9912480756962421,51.313530473255774,55.89350568244584,54.87761317051879,3.1409084607244875,0.11740967299836226,2.9029061603609767,3.440447136276958,3.348034169532528,0.0007057458578864704,-0.0006666109007897996,0.0011327791756218508,0.023567451929949357,0.04660876414086701,0.36212221878361106,-1.8416292579677247,1.2086562423909484,1
PUMP-002,1779679140000,1.0,0.0,1.0,1.0,1.0,0.8293181302577884,0.037912279052504355,0.7277787879185662,0.8871794837263667,0.8704784898115218,34.4870194031654,1.0518675759029155,31.58488832136244,36.296231418310064,35.953228519174964,2860.9907687692303,101.43342867258502,2585.0500118110976,2927.629947961342,2920.9778289902497,54.86089924482272,1.179703507690333,52.177165383267536,58.14846192232463,56.92750499052297,3.334032020728579,0.16420748976482993,2.99695650876821,3.662753897281617,3.5712919049423726,0.011477987990588382,0.0039511883266362706,0.021260983112511088,1.4774166907071589,0.19312356000409148,2.25754667074024,262.31370749418784,1.1653413536952768,1
PUMP-002,1779679200000,1.0,0.0,1.0,1.0,1.0,0.8521187805302397,0.022145217467774946,0.8132801100741405,0.9013768696222718,0.8902688664990005,35.30634727617318,0.6774687567209359,34.008485497553025,36.850765407681614,36.24577177940206,2898.8851327496213,17.155463005985577,2855.9767371122803,2941.852163441367,2926.747923714399,54.52314043729548,0.8252216769376457,52.892464319509514,56.82896928131779,55.66471092118941,3.3993824158503587,0.12325213610872278,3.0720950797791775,3.643625216791568,3.5690892977983943,-0.008337326407080913,5.706990508901707e-06,0.004136877254866574,-0.3377588075272371,0.06535039512177976,0.8193278730077793,37.89436398039106,1.1726512391937283,1
PUMP-002,1779679260000,1.0,0.0,1.0,1.0,1.0,0.8446266238479129,0.016556742568353166,0.8068663794963469,0.8969055007762117,0.8719646937861059,35.20587968636054,0.5818536693450336,34.20780169358099,36.84491997372896,36.23769626693933,2899.5884965792575,15.325816527183468,2865.5438112041033,2940.8600778773675,2923.056932187082,53.23793546190734,0.9673543036469802,50.900647373132784,55.99101334376497,54.72387872656232,3.4758582692671127,0.12438115409180923,3.088141932587343,3.763484175518101,3.6637394053901122,-0.019925705428064305,-0.001133352970514391,0.003610886266865964,-1.2852049753881403,0.076475853416754,-0.10046758981263793,0.703363829636146,1.198741502329105,1
PUMP-002,1779679320000,1.0,0.0,1.0,1.0,1.0,0.8515417267669293,0.019936285762297036,0.8150470012006283,0.904668422802623,0.8801801574131842,35.507048911794996,0.6842278676167998,34.148293480261536,37.208220287105,36.668726072976355,2897.0357523983103,14.18793647050037,2867.7588710094305,2925.5764728114445,2920.658804420671,52.676091487874345,0.7760053106878102,50.80270065935103,54.386265556054546,54.058992402447856,3.474786248456914,0.12925624847612885,3.20321244622062,3.820806035837423,3.692711699587129,-0.008232577665197803,0.0007563883493393539,0.003903067450149037,-0.5618439740329961,-0.0010720208101986373,0.3011692254344567,-2.5527441809472293,1.1994277413223406,1
PUMP-002,1779679380000,1.0,0.0,1.0,1.0,1.0,0.8469495386446751,0.015545205720684897,0.8119292217978111,0.8811257097821567,0.8724520328041276,35.67109310971187,0.5921543926886429,34.44437859157383,36.95848216077636,36.672346379866994,2900.1364598815876,13.119663309086086,2874.463368866003,2927.7136728673404,2921.639473250768,52.599810627758195,0.8218485279895822,50.30002782319522,54.45596388871742,53.73502354687637,3.5836945084879295,0.1305804960333207,3.3363691971939557,3.932866749855832,3.8173283753206912,-3.5020928980865385e-05,-0.00010952079294953806,-0.004447537570614492,-0.07628086011614954,0.10890826003101539,0.16404419791687275,3.100707483277347,1.2356981550227109,1
PUMP-002,1779679440000,1.0,0.0,1.0,1.0,1.0,0.850581534559599,0.023333703150452075,0.7838933896035509,0.912348751609924,0.8842348412837764,35.83304453565406,0.7420650643648216,33.99794971433683,37.30685861899039,37.05899621047865,2900.0586066901456,15.872169628717225,2865.3157526256336,2938.598787393613,2924.6116869264574,53.21867778686673,0.8774988715026018,51.426333186984614,55.17434377864083,54.640578375534126,3.6221442341620347,0.13765250594636252,3.2209281268499215,3.865510293758356,3.8146521355687186,0.022384846870022426,0.0007128682142252788,0.006663347679237131,0.6188671591085324,0.038449725674105206,0.16195142594219192,-0.0778531914420455,1.2489895813886418,1
PUMP-002,1779679500000,1.0,0.0,1.0,1.0,1.0,0.8486620701262518,0.01832266174170902,0.8074980550443768,0.888877500338403,0.8809469412337276,36.026465404719694,0.6617308527759722,34.47311595273678,37.539081312865406,37.17380801762965,2901.629393296973,14.50691820014787,2867.4959673404664,2940.1436965742455,2921.377124597035,54.15535290837146,0.8426991799673279,52.28739862194274,55.7456487271259,55.585804639227874,3.6727094849453694,0.14137550865352289,3.416429645748115,4.064293545238595,3.8953074377241674,0.028678756287187034,-0.000350061564044533,-0.003591566286033343,0.9366751215047344,0.050565250783334736,0.19342086906563338,1.5707866068273688,1.265739941734019,1
PUMP-002,1779679560000,1.0,0.0,1.0,1.0,1.0,0.852119379867678,0.01639613157689775,0.8173204984201722,0.8814458316602446,0.8783760155533462,36.32919751684847,0.7304522884872475,34.10584043445402,37.90989438444569,37.335090380380684,2901.2277666402492,15.273271625663451,2865.693390036646,2934.620322163056,2927.446100273201,55.95590816388797,1.0198794786494232,53.97733097328011,57.995720428095666,57.730758065435424,3.6778476426654914,0.15683354474285346,3.351041349749094,3.995809266643656,3.962368375428291,0.027231310749659832,0.0014999102065238847,0.00946796563630784,1.8005552555165067,0.005138157720121939,0.3027321121287727,-0.4016266567236926,1.2676861904015246,1
PUMP-002,1779679620000,1.0,0.0,1.0,1.0,1.0,0.8523069474230296,0.019726509942895862,0.8132552389747563,0.9063343576689492,0.880685069375597,36.377900082612115,0.6208056774722361,34.99947048098112,37.966639102200986,37.2313242531984,2898.6373503498867,15.880060641493925,2860.628461351394,2940.5610230467396,2922.4019204518872,57.86943462813922,1.027036199710771,55.44241564848374,59.646350312925286,59.27681097251087,3.7613691220091927,0.17376651001252943,3.347635457896046,4.270524975506676,3.99197814014415,0.021016315087074428,0.0004913200031357568,0.008385943065698702,1.9135264642512482,0.08352147934370135,0.048702565763647954,-2.5904162903625547,1.2976331185141354,1
PUMP-002,1779679680000,1.2333333333333334,0.42652186808509873,1.0,2.0,2.0,0.8506914043841619,0.020657487419403788,0.8089603584170372,0.90097865115166,0.8875565454195055,36.64374058542372,0.7931490675055795,35.192708544292174,38.755808457029,37.78570837971545,2900.0560973847514,15.8009586783985,2867.36746642436,2935.9608296728375,2922.665342671684,59.31867868925772,1.2395059716932113,56.87876323615003,62.03221353066242,61.41651977566295,3.7877680174872164,0.14942234958277442,3.4817267014239306,4.161781054370142,4.063632490214845,0.03535462121355758,0.00030470522783328984,0.0015216735335925975,1.449244061118506,0.026398895478023654,0.2658405028116064,1.4187470348647366,1.3061011870776598,1
PUMP-002,1779679740000,2.0,0.0,2.0,2.0,2.0,0.8661236899432547,0.01967797679821382,0.8436435705227949,0.8960250975774561,0.895048587871483,36.89110668026422,0.5023418253503871,36.16090577655378,37.86313167937336,37.59140663269339,2906.452219749446,10.57258467064677,2892.7598468424926,2922.312154338316,2920.2349691009367,61.10152249184242,1.0673229878395398,59.41923863899779,62.518761039194864,62.4570960319148,3.8640862773614755,0.17479303232142832,3.655896269304166,4.181011805772368,4.1095011034735185,0.06022621660289208,-0.014823227866947106,0.0574605556631577,1.7828438025846935,0.07631825987425911,0.2473660948405012,6.396122364694747,1.329485109584727,2
PUMP-003,1779679740000,0.0,0.0,0.0,0.0,0.0,0.35080306205026746,0.020073951700671597,0.3041959213434848,0.3879356469504341,0.3817930069629889,18.504000687539627,0.48286794304791497,17.161907607972363,19.789146368510306,19.17140057425648,1502.0469905857335,15.869185871557876,1470.796794464979,1544.3737174680289,1525.4456197165277,31.10597540529522,0.7174993774223577,29.88244229946032,32.723435960363936,32.27230991665486,1.8224565986020846,0.0680893410058285,1.6436541802293028,1.935823929088731,1.9163088268803234,0.021483387063615387,0.0004047474659231226,0.005330588401659279,0.0,0.0,0.0,0.0,1.2133144946263708,0
PUMP-003,1779679800000,0.0,0.0,0.0,0.0,0.0,0.352364971512182,0.018234080562371746,0.2920870180138191,0.3848988865582385,0.3736246551122619,18.660692689244122,0.4973309070829416,17.051500121005436,19.532348558120383,19.3439489839381,1499.70560138497,15.321686379123712,1461.6191921782706,1537.8086044153629,1522.289549096508,31.40735791209027,0.5758153799026362,29.64452336125938,32.84293195124704,32.18757961500813,1.8136525693320207,0.08832845803132958,1.625147989667482,1.9987290762516463,1.9237294154936422,-0.00243938522384405,0.00026912409582024424,-0.004449668084705766,0.30138250679505063,-0.008804029270063962,0.1566920017044957,-2.341389200763615,1.209338258334746,0
PUMP-003,1779679860000,0.0,0.0,0.0,0.0,0.0,0.34977906198714803,0.02246430527740134,0.2973411501694724,0.399187523735346,0.3866761936212822,18.649392445159016,0.6048335143660618,17.346929068656802,20.31160596843212,19.586328394520997,1498.90666727074,15.430368947390711,1464.475583789965,1533.0747379684374,1525.4387917267927,31.85010152544097,0.8345119022952365,29.61635048417306,33.68600988710038,33.191941928404795,1.8366238604200262,0.07929001598954766,1.6802471326078798,2.0421954343231294,1.9689550103764069,0.009400143621133394,0.00042143232602628037,-0.0013861421794410657,0.4427436133507001,0.022971291088005552,-0.011300244085106215,-0.7989341142299509,1.2253082031158138,0
PUMP-003,1779679920000,0.0,0.0,0.0,0.0,0.0,0.3515548614766308,0.02338975319624131,0.3021912509897403,0.400906523081183,0.38319297819602033,18.707308659109955,0.6520677963796406,17.182336603497138,19.92702182750703,19.868598585347467,1502.3531179222302,17.031112127841265,1460.8813847157874,1540.3612497812298,1531.3832494275746,32.48532176470429,0.8064489963837577,30.973623556047,34.22648788243344,33.9628352311444,1.8515679543088457,0.08246320251324081,1.5218325225407838,1.9873165438875775,1.9652126062026465,0.0125530134302313,0.0004453497474898861,-0.00014408727930628239,0.6352202392633188,0.014944093888819454,0.057916213950939266,3.446450651490295,1.2324444232026877,0
PUMP-003,1779679980000,0.0,0.0,0.0,0.0,0.0,0.3482323575841756,0.02102022619801319,0.2976009288924683,0.4083725145739071,0.37983603161233986,18.659336863759673,0.6005872958417963,17.011850539644673,19.95142839393518,19.52202406410728,1503.3833084535343,16.73178920588614,1467.9364713437276,1537.948638291526,1527.069571070071,33.11092704012597,0.7609209309619416,31.352716053626516,35.13573918584826,34.37567530735601,1.8529842671421843,0.09296915729094626,1.6696403379652498,2.0599897396854563,2.0326640365944164,0.017225455128293186,-0.0006070408408057225,0.009211108452402337,0.6256052754216839,0.001416312833338651,-0.047971795350282065,1.0301905313040152,1.2325419766076104,0
PUMP-003,1779680040000,0.0,0.0,0.0,0.0,0.0,0.3528797840412331,0.020215733393251095,0.2899823266329483,0.4089939743006554,0.38030392853748274,18.861693622091206,0.6200517481867728,17.32901559312917,20.29575869358446,19.713881395060074,1499.9613240004007,14.553153928388662,1468.1826446839466,1537.9541255577165,1521.3574719415196,34.139017589180526,0.6546761670209036,32.27053284857247,35.42675193190244,35.13317216859187,1.8416042702557542,0.07999158585685898,1.6851870048160158,2.018022078022986,1.9871203264177686,0.0026780837729285553,0.0007323306436857267,-0.008374803308358174,1.0280905490545535,-0.0113799968864301,0.20235675833153266,-3.4219844531335184,1.2277670184036318,0
PUMP-003,1779680100000,0.0,0.0,0.0,0.0,0.0,0.3468678655278058,0.018183948899006947,0.3054816481806975,0.3934013458616212,0.37794173742716203,18.686937755855805,0.5215799698384048,17.39026348649003,19.87429318889735,19.499175728555652,1501.2935568514447,14.293348571406687,1470.5728391580571,1546.7406885051842,1521.5941298349583,34.58458101402637,0.6973502641881232,32.837633040808896,36.212993674366274,35.7781407000198,1.8829744874522543,0.09098757060385314,1.6617243734361693,2.112888814870848,2.0013457036685454,0.019665445045738476,-0.00015245070146920493,0.009604901411019643,0.44556342484584377,0.041370217196500025,-0.17475586623540096,1.3322328510439547,1.254233873598582,0
PUMP-003,1779680160000,0.0,0.0,0.0,0.0,0.0,0.3531205356303696,0.02259932229767498,0.2986950336907795,0.4082475813769599,0.3850224445728899,18.903824153927143,0.6801102243810516,17.387898964479135,20.45062123042723,20.012356014351884,1500.1145047857558,16.58192838257801,1466.5348585761506,1552.6538498405143,1525.8904576051502,35.464554727081456,0.6945514550393498,34.13054504018083,36.93066675912176,36.42243203440963,1.8776775413386275,0.08272386325551816,1.7099942028574742,2.1018833148104035,2.0044788874793062,0.005141354620825313,0.0008417169209973908,-0.007052067119222395,0.8799737130550866,-0.005296946113626744,0.21688639807133825,-1.179052065688893,1.251688643540015,0
PUMP-003,1779680220000,0.0,0.0,0.0,0.0,0.0,0.3451956230242524,0.020162973360707954,0.3094221486579429,0.3882061472720632,0.37809167549104344,18.795484551729505,0.5595634938948455,17.606487572835462,19.9726597677162,19.87176148797239,1499.5423931007722,16.34613291998301,1460.051757002434,1534.461830410713,1529.4121565253367,35.938755981975184,0.7573381858038433,34.18699334961369,37.40139548117901,37.18067087739042,1.8756732709864048,0.0814165888779203,1.6353681046773618,2.078763580069367,1.9988204150758868,0.014639145052747625,9.524501266307862e-05,0.002851798252567292,0.4742012548937282,-0.0020042703522227256,-0.10833960219763838,-0.5721116849836108,1.2508296056093897,0
PUMP-003,1779680280000,0.0,0.0,0.0,0.0,0.0,0.41225028979350303,0.09387974442236087,0.3228274901240889,0.5800579700789764,0.5710678380959887,20.552607351472112,2.365025563925242,18.153304331698383,25.03871722019028,24.68201402073549,1643.341154297748,228.42900259413443,1454.827883306698,2024.4297936521853,2010.4262234613218,38.16591521769915,2.58738400375062,35.06165827209531,43.665384447920175,42.48543820653342,1.9806741484843184,0.10751200960934099,1.7929976985588092,2.219152651275291,2.173439754047241,0.11020407518784126,0.0035425304096957906,0.10090002916496003,2.227159235723967,0.10500087749791365,1.757122799742607,143.79876119697587,1.2052719169312145,0
PUMP-003,1779680340000,0.0,0.0,0.0,0.0,0.0,0.5429340961701361,0.020161642333524982,0.4965471157345862,0.5907869498030032,0.5738110780350393,23.88125958406864,0.5736719237448666,22.172857605634334,25.359665133331404,24.7738994636935,2003.88536993065,15.589513411018102,1957.2566316477016,2045.2287774577317,2026.9339095431035,42.205095874886986,0.7559585813192414,40.32928874042324,43.83468177284925,43.499404150165525,2.1279743990431848,0.0896720378817824,1.9703888099034017,2.346550195019759,2.2708980944274777,0.014319396458416138,0.0018602444852202525,0.0037245796458986132,4.039180657187835,0.1473002505588663,3.3286522325965286,360.544215632902,1.0619236853818357,0
PUMP-003,1779680400000,0.0,0.0,0.0,0.0,0.0,0.5528408989819364,0.019335390013975728,0.5112880040183414,0.5951338659493323,0.5848731823892888,24.387334891745102,0.5964967024125389,23.070272569671225,25.67257207986152,25.507334312536013,1999.1828513875978,14.038558205483536,1959.6573165949833,2024.095479504316,2022.2798315838618,43.14352732874856,0.8450673842218492,41.45790050359651,45.4357268708051,44.500894803795354,2.183529810943571,0.09840817153784204,1.9938811131133471,2.4281728214643223,2.3399052697086784,0.021588739063090733,0.0008651594062297537,0.009577459774102084,0.9384314538615754,0.055555411900386265,0.5060753076764613,-4.702518543052292,1.0922106085580985,0
PUMP-003,1779680460000,0.0,0.0,0.0,0.0,0.0,0.5447181659224128,0.016682375743230598,0.5099286051394364,0.5867086030917723,0.5767955985640202,24.341400570358896,0.5322166747585473,23.32096669304723,25.830634246771098,25.227046949325427,2000.8631237739285,13.688144915058196,1971.350271377249,2033.7201073748272,2022.540605594653,43.42076156361645,0.6597392661518493,41.76256078058781,45.02174757359536,44.394851563103934,2.243039999637233,0.09839916250536838,2.028553438566159,2.47480760701925,2.414435754974679,0.0031521242987895084,0.0002659377378960525,-0.0017706332698408107,0.27723423486789045,0.05951018869366198,-0.04593432138620557,1.680272386330671,1.121035643043329,0
PUMP-003,1779680520000,0.0,0.0,0.0,0.0,0.0,0.5561505190184214,0.023387243879931026,0.4978192070029968,0.6183365420883771,0.5929491063361411,24.78847888086875,0.6688007843817937,22.91637468751322,26.371723660384127,25.797069426784937,2000.96034166454,14.895561164487265,1965.4928784491728,2037.496138622348,2022.5875918951224,44.13731096091206,0.8068924701587881,42.18177199879688,45.96077451642759,45.36108862110667,2.272183936619477,0.08503604290658137,2.0644121200597647,2.484711480102644,2.3904423788745603,-0.0014428998021138876,0.000998701187768256,0.003966301387622943,0.7165493972956085,0.029143936982244156,0.44707831050985547,0.09721789061154595,1.135546144399429,0
PUMP-003,1779680580000,0.0,0.0,0.0,0.0,0.0,0.5454298249987245,0.019416090814906715,0.4884364082461013,0.5810999066732537,0.5741884156154774,24.742151041415585,0.5441178271299425,23.604010917177504,26.003388354494017,25.554980602328143,1998.241261970454,15.160853873728204,1964.061347291381,2026.5622947547272,2023.5094758128378,44.22379960662458,0.6108704366087733,42.789069265783354,45.59164453437776,45.08001343561448,2.3227842304542827,0.10899699998421282,2.1015477571772196,2.617862972185185,2.4984816583715315,0.002829007017854942,0.0006847257993555443,5.084500375327874e-05,0.0864886457125209,0.050600293834805576,-0.04632783945316632,-2.7190796940860764,1.1624137246320674,0
PUMP-003,1779680640000,0.0,0.0,0.0,0.0,0.0,0.5521315887938558,0.02092839156010294,0.5054798724514583,0.5941844732495691,0.5825798198406203,25.002834889586744,0.6931805895466401,23.494871699889384,26.34630001803063,26.05802107271563,2001.624569429697,12.320271766180637,1974.422392743593,2027.283602811361,2020.7060935540096,44.417528626127506,0.7956871661001366,42.36588562294301,45.87720486295077,45.518658859812774,2.377579384865234,0.1045309994135256,2.1613727767639266,2.642330541643,2.544606198373048,0.004455005076705225,0.0007447436592193153,0.006901235653954784,0.19372901950292487,0.054795154410951064,0.2606838481711584,3.383307459243042,1.187824247040696,0
PUMP-003,1779680700000,0.0,0.0,0.0,0.0,0.0,0.5499173466027026,0.018795493568514877,0.5114729334454543,0.5931707168574359,0.5770621657190743,25.133382077258364,0.5507223747829515,24.189750657386504,26.391292076358138,26.082855335513557,2000.1841906885502,14.476660871968319,1967.778778422816,2030.829619351474,2021.6891596084931,44.6228584252214,0.6747511146884911,43.10305130383016,46.72531726766033,45.62755007744878,2.4410358124015854,0.10666812773695226,2.147807949380818,2.6471112008123145,2.5850259026989244,-0.004766103771219996,0.0017511688151826306,-0.0008318146797353265,0.20532979909389582,0.06345642753635161,0.13054718767162043,-1.4403787411467874,1.220404902388701,0
PUMP-003,1779680760000,0.0,0.0,0.0,0.0,0.0,0.5496126389793496,0.01979835019641427,0.4933153486994376,0.619740880161756,0.5787012859138752,25.378131633991828,0.5885212223947989,24.066859751893514,27.10579753244625,26.46501962417487,1998.7959029297383,13.426411953062086,1963.810645150838,2033.791606634814,2014.3426990954151,44.50363123085968,0.7056816127361019,42.85978175648983,46.6622085621864,45.662270216270805,2.500010670674213,0.09349673384921975,2.306150471666929,2.7194781961525134,2.6241121632940776,-0.005863143701496801,-8.988166423420207e-05,0.004678420257824109,-0.11922719436172002,0.05897485827262772,0.24474955673346344,-1.3882877588118845,1.250757726815476,0
PUMP-003,1779680820000,0.0,0.0,0.0,0.0,0.0,0.5510553311420966,0.021526634208542773,0.5060079388396596,0.6109415817666325,0.5872180753350217,25.566389298816432,0.6582636524187703,24.095498910252644,27.406763617287208,26.7014901391032,2004.2615829738102,16.099903872344413,1972.7283899854408,2048.2508150793874,2027.6325343163223,44.40313582630689,0.7987896871517277,42.50314713719666,46.35967538382989,45.58589562279925,2.557102860761651,0.10864206578047224,2.3347386266381585,2.7586029999617203,2.724866359907158,-0.007756464080652024,0.0012396462230724857,-0.0027036657876829753,-0.10049540455279526,0.05709219008743771,0.18825766482460438,5.46568004407186,1.2758322599464824,0
PUMP-003,1779680880000,0.3,0.46212479054244454,0.0,1.0,1.0,0.6944501976726641,0.09541959292726278,0.5199915047740536,0.7981484256477932,0.7842760624961954,29.506821129840727,2.5988788524347908,24.676156126694213,32.79091113870935,32.135475490703115,2432.207064404072,272.8874906734429,1980.9180212456397,2637.942330999383,2627.0709101825532,48.188784727093704,2.695918151846821,42.08986256954078,51.89304960308915,51.25258277700542,2.819707033753261,0.19218946983766072,2.395866763660365,3.2573280053820675,3.0904882919006935,0.11457271475765252,0.007092393519819644,0.11051958084559517,3.7856489007868177,0.26260417299161,3.940431831024295,427.9454814302617,1.1593198275346284,0
PUMP-003,1779680940000,1.0,0.0,1.0,1.0,1.0,0.7500498711471609,0.019210571809533707,0.6890175937012979,0.7864491970392333,0.778550851039012,31.131073564225794,0.5994160012401409,29.547349525421662,32.62922045461076,32.141829226250366,2598.791681785709,17.552961738613604,2550.3934458679114,2635.4726819613143,2624.6893251443166,49.4568612874968,0.6746723300501251,46.880096472680734,50.86273495600479,50.40255741596675,2.9331473797524894,0.1021870163183068,2.690221070500152,3.1876661956707535,3.1150982984237308,-0.0031571602229261363,-0.0005030527166153459,0.002840211326355032,1.2680765604030952,0.11344034599922859,1.6242524343850668,166.58461738163714,1.1286577033674863,1
PUMP-003,1779681000000,1.0,0.0,1.0,1.0,1.0,0.7475692140145868,0.01860717768183486,0.6935474711622998,0.7842936865581136,0.7816241856005304,31.336570139324547,0.6282768327980641,29.888586413500573,32.61946532566582,32.389658010760336,2599.8709444784067,15.007302169953949,2566.7693080308377,2654.046466853328,2625.292110647078,49.24999838949244,0.8305177094451615,47.276229579757505,51.10113604588584,50.59427213526387,2.9979126033655605,0.10150952599822471,2.759861284531126,3.2322694604975872,3.1722251274282476,0.00373497908470426,0.00018264057839752443,0.006838443088780587,-0.20686289800435986,0.06476522361307113,0.20549657509875274,1.0792626926977391,1.1531001016155853,1
PUMP-003,1779681060000,1.0,0.0,1.0,1.0,1.0,0.7545833540497439,0.017957016735659134,0.712472305724709,0.7937778614260136,0.7833800538591257,31.77003484139623,0.5424497084811404,30.451145691427104,33.128247301779076,32.62336496673692,2600.3278212408213,17.005466646122823,2562.1297841403625,2635.7071063054123,2625.4436902477223,49.218082472302704,0.9687914167764585,46.60444362467907,51.348624895068625,50.89249949450756,3.0982226449510817,0.11333698958668638,2.8082120859290125,3.2722796849775904,3.23204413086166,-0.007458073247513908,0.0006536000430830337,-0.00042170208900041943,-0.03191591718973541,0.10031004158552115,0.4334647020716851,0.45687676241459485,1.1914734089178292,1
PUMP-003,1779681120000,1.0,0.0,1.0,1.0,1.0,0.7502918524781645,0.01766845955961468,0.7094900159661452,0.7926559947756886,0.7773987701175902,31.934179093921703,0.6354826712442666,30.168482875950236,33.7994631388266,32.89218194948563,2597.623579060929,14.456836345452414,2569.5438383158753,2634.4014325321764,2623.9332730671986,49.033814979848295,0.6854979544665716,47.34563897013343,50.49952657885188,49.994329282209996,3.1484018435764867,0.11477859089210074,2.941430690734254,3.415185440518178,3.373156651810996,0.004378847631444555,0.00037076601396336087,0.0019537406586342936,-0.18426749245440988,0.050179198625404986,0.16414425252547105,-2.7042421798923897,1.2120311260354142,1
PUMP-003,1779681180000,1.0,0.0,1.0,1.0,1.0,0.7494334165495472,0.02066490587514179,0.7110217034863896,0.8071262141268889,0.783377841416255,32.087875258738094,0.6043217511368394,30.79135113368994,33.631651249653025,33.14017410268157,2602.877032275946,14.45691643945441,2576.105082009662,2634.8293333939546,2624.7365418901027,49.09247530570394,0.8550285361988162,46.936892272455815,51.06371564496857,50.5073874866896,3.1787562050688276,0.12675856207828384,2.9708827412021517,3.4199443395567792,3.380462317390827,0.01589867578190747,0.0030506840206268836,0.0032095128301011223,0.058660325855647955,0.030354361492340942,0.1536961648163917,5.253453215017089,1.2212466990968978,1
PUMP-003,1779681240000,1.0,0.0,1.0,1.0,1.0,0.7461512414872313,0.019070755906900837,0.7033088002765964,0.7914035872477504,0.7778931126718555,32.20422154218707,0.6832554149538098,30.18575690635214,33.70533098292118,33.269827966596644,2598.316570198966,16.32723774811174,2561.547375949709,2629.179397753255,2622.4699584178493,48.92707656132801,0.9340980123755289,46.79294437228828,51.10461954677319,50.398449145334745,3.282412911073428,0.1304030676795494,2.9917373667318965,3.59343706138296,3.500588652806241,-0.004469841091968455,-0.0008053029785226858,-0.0011323884200319272,-0.16539874437593483,0.10365670600460053,0.11634628344897635,-4.560462076980002,1.2632839606369122,1
PUMP-003,1779681300000,1.0,0.0,1.0,1.0,1.0,0.748580742232099,0.025255986534972612,0.6679839022445302,0.803894022689392,0.7856167196443188,32.49179520993848,0.7133914665313893,30.468654435837063,33.82271048317264,33.476136650576485,2601.896392259441,13.4181224189687,2573.6744353871914,2631.830086047988,2623.6336374312527,49.314393470566344,1.0472902486748419,45.928571462399994,51.56279247436792,50.931057008391925,3.2905968754505177,0.1232777514822701,3.06603642982501,3.582714146640509,3.4636181563041935,0.0029949758418693186,-0.00022003391183945777,0.00013856856255607049,0.3873169092383364,0.00818396437708957,0.2875736677514098,3.5798220604751805,1.2646912538672488,1
PUMP-003,1779681360000,1.0,0.0,1.0,1.0,1.0,0.740594057487903,0.01916693748279128,0.7026745781668697,0.793420618248508,0.7698449311373858,32.42103687295675,0.7184564497642184,31.132938741714774,34.09676426983077,33.65712553738633,2598.629875437526,15.049506196674265,2562.6491159934194,2638.905105747196,2622.1224772360247,49.57375231451878,0.8457341528794067,47.8644911781764,51.77777308151558,50.92473918621041,3.3817523375103224,0.0989452474514654,3.225612908928845,3.61050826064693,3.5351845521666285,0.008620624320938219,0.0004706232018094442,0.014280937914170245,0.2593588439524339,0.09115546205980474,-0.07075833698173284,-3.2665168219150473,1.3013592540113814,1
PUMP-003,1779681420000,1.0,0.0,1.0,1.0,1.0,0.7655377554182814,0.03942185187808742,0.7009701877359936,0.8904699369884089,0.8471196818629106,33.33639488399637,1.0544481925930855,31.681902378655593,36.63731776056317,35.62144347162055,2645.912627085215,107.92003270871874,2565.7533503948994,2916.0722762414803,2904.707784157122,50.67475347105468,1.4170210779557815,48.07755830125304,54.27349213450651,53.531964336482076,3.4534273983519674,0.16516558516696214,3.0889764204276573,3.873493779709783,3.719784584380845,0.052169453645304883,0.00413561573245279,0.03814189620244448,1.1010011565359008,0.07167506084164499,0.915358011039622,47.282751647688656,1.3051927935215042,1
PUMP-003,1779681480000,1.0,0.0,1.0,1.0,1.0,0.8500079467208704,0.02091351702436471,0.785395682723201,0.8923259506662574,0.8823094870411168,35.82186497764999,0.7156230207489845,33.870566665661066,37.206044542673,36.84902336057063,2901.606173855683,14.005257667626381,2871.1051966041355,2929.5790272395284,2927.0044800435803,53.87000722164694,1.0776023815097784,51.26455786851002,56.36213154980135,55.629771196630614,3.6849681238346736,0.1412796669263024,3.377241183839383,3.9871502976712314,3.9148536802521945,0.018276187982109355,0.0014265525775785566,0.0060225988426760215,3.195253750592258,0.2315407254827062,2.4854700936536176,255.6935467704684,1.2699748460223348,1
PUMP-003,1779681540000,1.0,0.0,1.0,1.0,1.0,0.8537061133660994,0.02137762749481247,0.8073063332877995,0.89938041481767,0.8902830881046897,36.19103306964697,0.7986035007337965,34.08062537957298,38.188824910189446,37.311111619943084,2900.886316124063,14.56236623164323,2865.7340198034117,2925.4370200032276,2921.8987196925755,54.604226703080414,0.996987693920695,51.8668690141835,56.61894024816652,56.04634761479064,3.7642241353485426,0.1420485824423725,3.419454448370536,4.066172612478704,3.9860691456131554,0.013746756601627858,0.000540935345907056,0.01072826349864655,0.7342194814334775,0.07925601151386896,0.36916809199698264,-0.7198577316203227,1.2976112910094013,1
PUMP-003,1779681600000,1.4166666666666667,0.4971671160112443,1.0,2.0,2.0,0.8475617749181732,0.02401701796976221,0.794367720602729,0.8924290261026042,0.8819189530730656,36.19408043743808,0.760465797814833,34.50764275906406,37.753586902440254,37.4960157934221,2901.25931045817,13.339157476770023,2866.773973210844,2933.958193550883,2924.4101857664455,55.22554192937846,1.0594908632265925,52.602885118907395,57.75217425376529,56.6986409197324,3.813650392790845,0.13620234843649395,3.4652443917275777,4.152957563985315,3.9969880539952714,0.01627130541807441,-0.0006889228404286185,0.002293151444700083,0.6213152262980444,0.04942625744230256,0.0030473677911118102,0.37299433410726124,1.314480599704819,1
PUMP-003,1779681660000,2.0,0.0,2.0,2.0,2.0,0.8542833778865193,0.018638354860564525,0.8164165993985849,0.915837754795455,0.8817581888900655,36.624767838598174,0.6522285245473547,35.3778883781919,38.331894809875,37.88491329459526,2902.010856816635,15.40412547416458,2863.409828755616,2938.0789848009035,2930.5727158040972,56.59842776187991,0.9413869441198354,54.88609333191199,59.141070960583335,57.959494338485065,3.867281314427499,0.1571717555275479,3.5615979055375395,4.252784832897479,4.193560873798914,0.003417082230680645,0.0017551605093850736,-0.0121026597426041,1.3728858325014528,0.05363092163665373,0.4306874011600925,0.7515463584650206,1.3326207835241985,2
PUMP-003,1779681720000,2.0,0.0,2.0,2.0,2.0,0.8469667355290532,0.0191523747516545,0.8077730653652452,0.9141669996073344,0.8742817061559944,36.57913847935324,0.6809329489932175,34.9419273540322,38.28369872701518,37.68234783371751,2899.3502192901897,14.084564989409476,2865.773403580265,2923.3540587422203,2918.7510075175337,57.413603856089736,0.9631726405357701,54.6732470746294,59.92057782472386,58.8189999372592,3.9513669994630636,0.14281919546967267,3.5026398144193385,4.225539907253127,4.166102070762694,0.017394613734121274,0.0004156310390026795,0.002608181582848531,0.815176094209825,0.08408568503556468,-0.045629359244934165,-2.6606375264454982,1.3628452369528468,2
PUMP-003,1779681780000,2.0,0.0,2.0,2.0,2.0,0.8535067032000266,0.018478859351949904,0.8182624292333467,0.899259194680871,0.8797777737509939,37.08560301988354,0.7554806515998558,35.53772871962474,38.75041222701007,38.38035503667997,2901.443671390332,15.770519226760923,2871.3431575781137,2931.6919686799883,2926.3574165370583,58.639316002243866,0.9778562534783058,56.876290583323154,61.12804594040222,60.169166829625645,4.017319959307695,0.1513586924394325,3.6028720357520427,4.386327785086782,4.211402013113775,0.013357131185348854,-0.00033077575032591143,0.005729604179524462,1.2257121461541303,0.06595295984463156,0.5064645405303025,2.093452100142258,1.384592992215375,2
PUMP-003,1779681840000,2.0,0.0,2.0,2.0,2.0,0.8468440663716843,0.018674268896473063,0.8016629160227154,0.8865447701055278,0.8805449730439153,37.07123465867034,0.7157983746577796,35.12746100103406,38.841277821999824,38.160743271941,2900.186841190832,14.100527566962574,2871.60853963438,2941.292031272902,2922.6242614375547,59.37636761330178,0.833702785934277,57.74721580461965,61.1365437878107,60.77542284872577,4.0694817036804825,0.1599425441650453,3.760432057362834,4.498397369510071,4.382466383441133,0.008160429005874251,0.002540367149146579,-0.00017855938352105493,0.7370516110579146,0.05216174437278731,-0.014368361213200842,-1.2568301994997455,1.4031786651479554,2
PUMP-003,1779681900000,2.0,0.0,2.0,2.0,2.0,0.8503529718714545,0.018194888002945005,0.8150471112690542,0.8818904264042675,0.8760717078100743,37.35334133350953,0.6976857815417812,35.664811361818515,38.75634370942972,38.43954388237938,2899.1680912154147,14.737364683141193,2870.055234281548,2933.6925162853668,2922.2162265720835,60.795944549432775,1.0588807083719105,57.841689504560904,63.20925164355665,62.310034947447484,4.148779707761059,0.16993947332834972,3.780742663398233,4.498307247588663,4.47800530725764,0.017809600219846785,0.0012797262401747552,0.007955801362564265,1.4195769361309942,0.07929800408057641,0.2821066748391914,-1.0187499754174496,1.431023709631842,2
PUMP-003,1779681960000,2.0,0.0,2.0,2.0,2.0,0.8446008057001879,0.020682972529370007,0.8096477797905065,0.9005871876945185,0.8718407059455242,37.25384649881748,0.746718585858755,35.68372306163782,38.76184111038098,38.396915383541035,2898.7196927366886,15.760852705518268,2862.4518076161303,2932.522850265126,2922.923857872696,61.48016253800838,1.102995010994776,59.53313921391329,63.85238227326044,63.434523035442815,4.199356547438199,0.17254076908899946,3.767426264144363,4.611925224409424,4.466410107162075,0.017250276751299195,-0.0004898038914840477,0.0038275802910707,0.6842179885756039,0.05057683967713977,-0.09949483469205234,-0.4483984787261761,1.448693058962358,2
PUMP-003,1779682020000,2.0,0.0,2.0,2.0,2.0,0.7374753172216802,0.09862856620913908,0.6069426714657342,0.8969778566616861,0.8744417453479214,34.71501752260406,2.747850939260717,30.23928826282643,39.17174882092155,38.7017675183677,2612.8530710070645,249.10227061040584,2373.979740594713,2926.3800559039396,2918.6952744839973,59.43578623708907,2.9283092452024615,54.36540879268614,65.87001907947005,63.67135573175938,4.0355724081430235,0.22219858484565994,3.6344864950974336,4.594744165067278,4.477911940613057,-0.11459033223148864,-0.006477297693779475,-0.12344448457835618,-2.0443763009193106,-0.1637841392951751,-2.5388289762134235,-285.86662172962406,1.544507384825975,2
PUMP-003,1779682080000,2.0,0.0,2.0,2.0,2.0,0.6491433581334228,0.021527091350544203,0.5825973602421178,0.6993271893967783,0.6740876399945795,32.3207950982523,0.6477672278272664,30.745957610108636,33.938129091482224,33.21470507669164,2398.9140266161835,15.875146999527434,2356.8430008947153,2431.5547767890507,2426.1675674637427,57.584379967749825,1.0238572529412315,55.726694196635,59.958365757687616,59.36758318541021,3.9530997120891063,0.1365795824676335,3.6237370223523144,4.258833838517222,4.182904013533208,-0.0033653213295788695,0.0006071838023603281,-0.004011047162968571,-1.8514062693392432,-0.08247269605391727,-2.39422242435176,-213.939044390881,1.6478698362505966,2
PUMP-003,1779682140000,2.0,0.0,2.0,2.0,2.0,0.6418550003423789,0.026208830585595123,0.6008469484121628,0.6899216328015685,0.6797265503324496,32.224200324941116,1.0231580214866445,30.83873217341378,34.40962704571934,33.82655130819516,2398.130198396675,10.44998674436983,2380.4519597086132,2413.190283969235,2410.624234195548,57.81958390722413,0.927473155344403,56.542911314413224,59.756977625900845,59.28151683134606,3.9473768473758275,0.12224694875994946,3.763912451267883,4.162310007262561,4.11111385336961,0.07690089465087017,0.00499155859960925,-0.11318290706919748,0.23520393947430307,-0.0057228647132787636,-0.09659477331118183,-0.7838282195084503,1.6460220566810253,2
PUMP-004,1779682140000,0.0,0.0,0.0,0.0,0.0,0.3522494835283411,0.01948917588034352,0.299560658212306,0.3963708066864831,0.38403859952514335,18.73317025731046,0.556653432984717,17.210059901478438,19.96223053981275,19.44506767344153,1501.459544858456,12.502895495903392,1475.900286101289,1531.5977161882051,1522.293013217727,33.59923771882425,0.7858311432454339,32.043956741312314,35.2255041520764,34.827224903142834,1.6545965469446697,0.08426730984958798,1.4149635155556843,1.8040961089250889,1.7811438945446498,0.02952284286919194,0.0006010004057151594,0.0033204040982350437,0.0,0.0,0.0,0.0,1.1019913594204036,0
PUMP-004,1779682200000,0.0,0.0,0.0,0.0,0.0,0.3470640577563099,0.01915914341096539,0.3026886274238392,0.4104497024146568,0.38030607310972675,18.643439075595428,0.5509626461755021,17.514220918767577,20.102697299001377,19.461949903541594,1498.330242972612,14.666586899092213,1470.179008078604,1541.6379862401243,1523.5326194549855,34.864895969351316,0.6936398320418351,33.32008577082532,37.29783805090404,35.936615333213204,1.6401489707643881,0.08476769892904507,1.496380230006605,1.8453881226175004,1.8012805829304666,0.014108603981994795,-0.00029476809575689763,-0.005178991139645845,1.2656582505270677,-0.014447576180281585,-0.08973118171503103,-3.1293018858439154,1.0946504509312756,0
PUMP-004,1779682260000,0.0,0.0,0.0,0.0,0.0,0.3533246925571513,0.021909628096730152,0.2959553136894913,0.4037263501018574,0.38160508895245054,18.773574605732342,0.5936167073286478,17.078104870068863,20.229306194445005,19.434295668085458,1499.7664186615486,15.26528219954697,1466.876047965544,1535.3044619750974,1525.4543768031765,36.2310042029384,0.809894704827328,34.407580832833624,38.2914062324016,37.764643061750284,1.653589788544434,0.07154326812634973,1.5145737192112927,1.78886177364385,1.7803078632243552,0.026222036388038352,-0.0003555511509587711,0.009248828630053592,1.3661082335870844,0.0134408177800458,0.13013553013691492,1.4361756889366006,1.1025641495933833,0
PUMP-004,1779682320000,0.0,0.0,0.0,0.0,0.0,0.35156592158185873,0.01732664789855094,0.3192290108136918,0.3893808046572845,0.3798691276015019,18.814390233622635,0.47850826559263965,17.87800173389866,19.81704176040306,19.629443411065573,1502.7593618800065,15.97597816969477,1468.3314708961311,1535.5414151770756,1528.2287428312777,37.164918953894166,0.6194464307595906,35.56798577101353,38.343005780313085,38.17345743257223,1.6903385970608964,0.09734100656767085,1.477648215245379,1.9945566886018935,1.839494454756532,0.0010724080364424924,-0.0009126037399295353,-0.003722551685348239,0.9339147509557648,0.03674880851646245,0.040815627890292916,2.9929432184578673,1.1248224533592455,0
PUMP-004,1779682380000,0.0,0.0,0.0,0.0,0.0,0.34866582873176843,0.016159649522355837,0.2975885347881494,0.3763014620711362,0.3698963720532369,18.913420885978912,0.5095166118655678,17.26616907395614,19.920546149242,19.728818233959338,1501.5360311420511,13.516568449751748,1471.32999471965,1535.1180764101712,1528.38379083288,37.19932328087099,0.5606500598984715,35.713975297953866,38.4273584844447,37.91455431067647,1.6936946934993502,0.0954682249171513,1.442983151447906,1.899313173721912,1.8343167602344754,0.0064662535960783585,0.00040231401170335456,0.010833854974560022,0.03440432697682638,0.003356096438453804,0.0990306523562765,-1.2233307379553935,1.1279739749149884,0
PUMP-004,1779682440000,0.0,0.0,0.0,0.0,0.0,0.3495325321021355,0.01832595866518191,0.297769794208078,0.4083009732764446,0.37516837324043684,19.16223611662755,0.5164587019554905,18.0815586976468,20.64027677801362,20.020500559790296,1502.4126087995867,16.213611678378047,1457.565478940871,1535.0934029647774,1526.1201427031756,37.17596558472072,0.8027927169908096,35.561676808243746,39.707224259190426,38.250266741031275,1.775100073551318,0.08851457101533411,1.592886118131434,1.9562876892898993,1.897978475323503,-0.013291971173465969,0.0005392497566313739,-0.00192023536318347,-0.023357696150270613,0.08140538005196785,0.24881523064863842,0.876577657535563,1.1814989315556088,0
PUMP-004,1779682500000,0.0,0.0,0.0,0.0,0.0,0.3496682073669463,0.02505638573372344,0.2928823738266902,0.410767281554003,0.3984800874518995,19.35972244127747,0.7128172214380581,18.132891272199252,20.93194599051885,20.60824972445374,1499.6009912737334,14.583040577626685,1463.578509759414,1525.1529112757926,1520.5421955256045,36.54102473622774,0.7930740242570521,34.91169940179933,38.655819094378955,37.84300848626694,1.8328552668210714,0.10796886040926872,1.62340479735849,2.1440585613510574,2.008733455370019,-0.002004022441959775,3.4598107896757504e-05,0.01110429366021791,-0.634940848492981,0.05775519326975331,0.197486324649919,-2.8116175258533076,1.2222278161049114,0
PUMP-004,1779682560000,0.0,0.0,0.0,0.0,0.0,0.3551261582865879,0.022790713219463923,0.3066002078990144,0.432727486102854,0.3852871350875324,19.70505759407324,0.6529195733192278,18.32032421113627,21.74202901162963,20.580373621896495,1501.1950299357138,14.598199887942204,1473.021544764125,1541.1307259045534,1526.118015637179,35.96036351439886,0.8275228399223178,34.484871357847595,39.011900682095416,37.105551705300925,1.901393736948384,0.09998205506830536,1.7004489672748213,2.1473453808715512,2.047324591897323,-0.023167199403521344,4.961234696215777e-05,0.00040692530693104274,-0.5806612218288834,0.06853847012731262,0.3453351527957693,1.5940386619804485,1.2665859081906898,0
PUMP-004,1779682620000,0.0,0.0,0.0,0.0,0.0,0.34859445657968197,0.019671642729380687,0.309337116783992,0.4005409204989104,0.38028078977021934,19.802935760344425,0.6511658945874385,18.460142379298357,21.60187036950288,20.71351414490141,1500.0577692776963,14.4345937993897,1465.4563551352824,1535.3109099287049,1529.8514796668371,34.94991386666763,0.8285091405529058,32.84110864713913,36.785308855175536,36.19545613234601,1.956135015193584,0.10373399282096121,1.7227252557331842,2.1674412202650126,2.0923279719123546,-0.0015589406460204422,1.2891366346910155e-05,0.008723941031511018,-1.0104496477312281,0.05474127824519992,0.09787816627118673,-1.137260658017567,1.3040389185121701,0
PUMP-004,1779682680000,0.0,0.0,0.0,0.0,0.0,0.3528162763033735,0.018269504546153923,0.3136657476849941,0.392297876797013,0.3849471365674412,20.069180631778284,0.5243723122293759,18.589036289874453,21.222837110362168,20.871134871292497,1499.4137011835387,17.025798269103387,1459.3331129720198,1539.646478683577,1524.7171867449856,34.568327446538774,0.7051502716318155,33.107864452567135,35.95503621629131,35.73572072081539,2.016588104447745,0.10027071551628004,1.8224186915280387,2.2239241218147705,2.2133369726977827,-0.016827207695058344,0.0016824974800178191,-0.006629337465744229,-0.3815864201288548,0.06045308925416126,0.2662448714338588,-0.6440680941575465,1.3449168551275268,0
PUMP-004,1779682740000,0.0,0.0,0.0,0.0,0.0,0.5399762939765987,0.038481574378442136,0.3520286296958202,0.5862226698689752,0.5772693113644038,25.20674402057713,1.140445262710958,19.707203748369388,26.592246403255555,26.214683530514314,1983.4598867083662,94.6733746585152,1480.0780459461994,2043.4943599445537,2029.163915265873,39.7902966771218,1.0337137513160386,35.81104416309954,41.981722219217346,41.0954325812183,2.30341827011237,0.12405006270589215,1.869283960296176,2.4830998660988173,2.473936629083998,0.022989343471712755,0.0022039687632789884,0.026203219180538185,5.221969230583028,0.2868301656646248,5.137563388798846,484.0461855248275,1.161312676013988,0
PUMP-004,1779682800000,0.03333333333333333,0.18102033471939252,0.0,1.0,0.0,0.55372711718058,0.02213985274605734,0.5052826085388992,0.6127823071059403,0.5832760204155826,25.86159583708438,0.5630735073782511,24.496775310012367,26.946392155640083,26.81389815828289,2000.5747915063098,17.980624425015098,1961.8363526553128,2038.6226927087123,2030.7579157793289,40.88281064434463,0.912690818020102,38.31691442492016,42.66547529742894,42.11272128136805,2.398640112387596,0.10674995750858167,2.1849084668105982,2.684593404856985,2.5739813502420916,0.01970185339712363,0.0011121032404799928,-0.0024586891320489542,1.0925139672228283,0.09522184227522601,0.6548518165072501,17.11490479794361,1.1989748764187376,0
PUMP-004,1779682860000,1.0,0.0,1.0,1.0,1.0,0.5470722319711416,0.025071128832149375,0.468055265826055,0.606380847680414,0.5859033298839642,25.97781692251605,0.7240484008219401,24.078843789201375,27.832446567985016,27.043766053338565,1998.5178821289871,17.347827239155993,1952.6985706822527,2059.9850996572172,2022.006598405846,42.334155570875666,1.0544812286274299,39.434025623829754,45.366137007419375,44.12076643477631,2.4483388233361585,0.10445227200662656,2.250268109747661,2.755820300598838,2.615436573662932,0.03494705023700521,0.00043576526304819137,0.005485702658737033,1.4513449265310356,0.049698710948562486,0.11622108543166831,-2.056909377322654,1.2250766531302353,1
PUMP-004,1779682920000,1.0,0.0,1.0,1.0,1.0,0.5519907282220825,0.02154393452517726,0.5099665288060643,0.6068253308743143,0.5932958961489085,26.396020458676265,0.6581763750079225,25.07372432529652,28.095453069698856,27.413204334204593,2003.7836075687487,13.958431534667424,1978.6298735388496,2033.4601451206988,2025.1004081021538,44.47811543856522,1.069157491273204,42.06937496312908,47.04673680782239,46.51635651021144,2.5328270836603783,0.12194919898975512,2.2744557470108084,2.795961942307285,2.7429200297607528,0.0374364440944657,0.0011066235928726446,0.010940985123552694,2.143959867689553,0.08448826032421985,0.41820353616021677,5.265725439761582,1.2640216289182562,1
PUMP-004,1779682980000,1.0,0.0,1.0,1.0,1.0,0.5462401770411429,0.023283731852139285,0.4641051794729778,0.6011883429161475,0.5856987221495742,26.419916285449755,0.685154202494122,24.72666062949924,28.41649953024163,27.27889048223304,2002.3503027793622,13.497126038885527,1963.2630660612483,2044.2608137681536,2020.0260159585932,46.31370459354962,1.08238580223377,43.74997067820407,49.74496191805198,48.065982395654956,2.618006604901341,0.14355785651372902,2.1728281172816906,2.88279589461505,2.828831811562259,0.03443436529934271,0.0021906396941085995,0.0053908269023641535,1.8355891549844046,0.08517952124096251,0.023895826773490114,-1.4333047893865114,1.3074661780215182,1
PUMP-004,1779683040000,1.0,0.0,1.0,1.0,1.0,0.5507470974813827,0.02228895854988962,0.4981207991700727,0.603093838493548,0.5877358946160149,26.840687151767224,0.6928137761811247,24.696933527718148,28.398507160845288,27.932978981352367,2000.9017015817294,12.732326836103843,1976.1191733142173,2027.179897752662,2024.3085548967447,48.049834945470245,1.0804183226189512,45.71490929493184,50.234846569255126,49.85119870293231,2.672857153181519,0.12468150247332384,2.3945499803061785,2.994223095127893,2.88603089404293,0.02581498518822618,0.0007267279573072903,0.00546997771892597,1.7361303519206217,0.05485054828017821,0.4207708663174685,-1.4486011976327973,1.3358256506268917,1
PUMP-004,1779683100000,1.0,0.0,1.0,1.0,1.0,0.5485825050469038,0.022773153156040848,0.4924058832888239,0.596078576438138,0.5875632935416578,27.01629344483642,0.6492381711951906,25.062184771199252,28.237635057713582,27.95412170366166,2000.9647173918554,12.920167106051062,1968.842327780504,2027.545370654549,2017.4848128573656,49.17313831225504,0.8875144582071972,46.60627159268732,51.20534330053608,50.45976697819998,2.7749787467654645,0.12939767169145375,2.5183268405333883,3.116388458435822,2.978813249787771,0.021286345337359996,0.0012058374761409185,-0.000826217678276619,1.1233033667847963,0.10212159358394546,0.1756062930691975,0.06301581012598945,1.3868197354138034,1
PUMP-004,1779683160000,1.0,0.0,1.0,1.0,1.0,0.5519077498253603,0.016532139332388663,0.5170645620621553,0.5923836751578987,0.5781762652316135,27.469847807591556,0.6576767209965959,26.13538159790869,28.850352960758837,28.477206072142256,2002.1361424079505,16.973251536730036,1971.7127530976004,2042.6732291420576,2034.1427777220451,50.196985953786296,0.9446477903237039,48.16737092393872,52.7056211061132,51.780962623935615,2.8228567613788593,0.13395723034452395,2.490729590430693,3.06868289799091,3.023400550334221,-0.004673263389476431,0.0011993592352074589,-0.0009108808345395057,1.0238476415312547,0.047878014613394804,0.45355436275513483,1.1714250160950996,1.4099217788766645,1
PUMP-004,1779683220000,1.0,0.0,1.0,1.0,1.0,0.5448985447084892,0.019900134562939074,0.5059493190869409,0.581425428268386,0.5744372713074274,27.521658761270253,0.6999503102119666,26.107430150133645,28.826533502959013,28.67138813173607,1998.2295877024978,15.128101950648343,1962.5736686546857,2052.402231685186,2019.7108730385714,49.862619715773604,0.8903453129558556,47.71065995985847,51.773703063436066,51.22094529937597,2.912649697071813,0.13732951197943483,2.558722333144611,3.2662657778188526,3.1148902843896047,-0.0014640795314949673,0.001832694619810222,-0.004745823091814514,-0.3343662380126915,0.08979293569295388,0.05181095367869659,-3.9065547054526633,1.457614408966027,1
PUMP-004,1779683280000,1.0,0.0,1.0,1.0,1.0,0.5733020510861544,0.06481923875193833,0.5219084862354709,0.7967558258576108,0.7613595317845819,28.47654472877247,1.8454843991866157,26.75239230231165,34.359407534358105,33.76298120337223,2059.4304668124273,180.38842709814563,1964.1637552720993,2621.012271286011,2589.488606751714,50.10234397460099,1.8981565437187846,47.74865573534626,56.61428391296526,55.241249028987255,3.016857151079394,0.1930258531498006,2.707962173142118,3.683886144932137,3.3835662294425304,0.052239573093165244,0.005547363253403012,0.051276510027697446,0.2397242588273869,0.10420745400758058,0.9548859675022179,61.200879109929474,1.4648980554564714,1
PUMP-004,1779683340000,1.4166666666666667,0.4971671160112443,1.0,2.0,2.0,0.7490485898723882,0.01986215441742022,0.697594072120161,0.7957112902394889,0.7794469996569442,33.6772516448574,0.6831406117162002,32.08965701764699,35.50761490168944,34.560872226914384,2602.0326723760463,15.695435214566988,2567.891070206445,2640.689758944772,2631.1151027454525,54.46392309958762,1.083091002249147,51.862080194144966,57.98955986276044,56.110597168245,3.436210879444696,0.1396144628951221,3.1115083530043006,3.690277052204232,3.6869680871944057,-0.013289434055829673,0.0002428200678261384,-0.0037817679964114435,4.361579124986626,0.4193537283653024,5.200706916084929,542.602205563619,1.320586630343996,1
PUMP-004,1779683400000,2.0,0.0,2.0,2.0,2.0,0.7516717329036793,0.019240540426598018,0.7122487592162088,0.8045224492124484,0.782830768686364,34.00175497348478,0.7956061584501758,31.90279997034332,35.960044933916706,35.31355553429803,2600.3842624683266,14.872513852043216,2553.4055244851215,2627.1577237662436,2621.1367291251163,53.7625463061551,1.1628230155025874,51.25061910402344,56.91321949713426,55.514117982430015,3.5383529430444662,0.15388742488848214,3.130235679820759,3.86425062683985,3.7644287531676626,-0.020937704383649128,0.002577139307329406,-0.0017984106166296255,-0.7013767934325159,0.10214206359977007,0.3245033286273795,-1.6484099077197243,1.360703351966318,2
PUMP-004,1779683460000,2.0,0.0,2.0,2.0,2.0,0.747925401029702,0.02079118107003796,0.7019601978905546,0.7996190367501044,0.7774796660024386,34.08911667131253,0.7618773260309525,32.27675416830673,35.56547261878692,35.388246314836614,2597.4131480448914,16.87697297376219,2541.473244457007,2628.880088118121,2618.8473092551885,53.20232002045587,0.9843700287584696,50.64735715338806,54.99440694794405,54.72438145559283,3.618683723378941,0.1351772669975585,3.287223982937536,3.900383266639304,3.8136341595576027,-0.013262013877678754,0.00042738254366256567,-0.00036517210462215505,-0.5602262856992297,0.08033078033447483,0.0873616978277525,-2.9711144234352105,1.3931870380019193,2
PUMP-004,1779683520000,2.0,0.0,2.0,2.0,2.0,0.7544885963432434,0.020452352017629374,0.711067901593701,0.796272050613869,0.7851602756781226,34.823852042097954,0.6378508546891848,33.47005418495387,36.08319817450112,35.663794394549896,2597.9704234378487,14.174870798789325,2563.320326457462,2636.597030875818,2617.804308359446,53.72636080511431,1.1001008328866175,50.86859665311883,57.33063497345914,55.148922422578124,3.69957316269526,0.15922794176217145,3.3641321163114934,4.0176359342472985,3.93109828868708,0.01397840268541645,0.0008260271841069064,0.005619923396844989,0.524040784658439,0.08088943931631887,0.7347353707854225,0.5572753929573082,1.4240238092379327,2
PUMP-004,1779683580000,2.0,0.0,2.0,2.0,2.0,0.7499914436047597,0.02169440277360082,0.6905380556281708,0.8079023798601855,0.7848532235987974,34.73105107446265,0.7003621836333367,33.46536674601258,36.77592125926342,35.83213302201789,2600.6951967724253,14.294611796401227,2577.069155138911,2639.9010233348363,2624.7418628927785,54.56297125449184,1.1053353248562012,52.64450567990382,56.68431120189145,56.30110306334849,3.7805349243206763,0.1757359267374445,3.32761593667105,4.065148595069649,4.021888522839514,0.03228746528200535,0.0021282244399320215,0.006032852779726466,0.836610449377531,0.08096176162541635,-0.09280096763530565,2.724773334576639,1.4536626496445377,2
PUMP-004,1779683640000,2.0,0.0,2.0,2.0,2.0,0.7543044373284686,0.0189444725349777,0.7093131553116776,0.7871980466628051,0.7824828864645419,35.26804617584231,0.6812393909384671,33.84252371309877,36.79860306627808,36.3828071794168,2596.96088212554,14.447381194622038,2562.6959993274563,2625.277912132755,2620.356054336253,56.186990336729274,1.070263955371364,53.98025021161553,58.52702325869178,58.04830063514537,3.8531576598805004,0.1738899437397086,3.4929838275143976,4.306955437018873,4.157006192792535,0.025396658483024658,0.0017295487189187464,0.007280833184614683,1.6240190822374316,0.07262273555982413,0.5369951013796594,-3.7343146468851955,1.483717449378502,2
PUMP-004,1779683700000,2.0,0.0,2.0,2.0,2.0,0.7476269803269989,0.02308983948790032,0.6851163720002201,0.8179424348749484,0.775215256246292,35.423132927805156,0.8265865975243949,33.438855832233685,37.44943603394426,36.515463522965135,2600.139158512293,15.606243705048524,2555.3574701093144,2626.641846120161,2623.211100391079,58.01395955610236,1.1431318896962839,55.70057298917018,61.218579167005025,59.750475829314375,3.9124900541755006,0.17027379408717694,3.4869566711258035,4.391817795685097,4.180804987072248,0.02943934749269766,0.0011393011658556973,-0.0007271010818646522,1.8269692193730833,0.059332394295000146,0.15508675196284827,3.1782763867527137,1.5047227517204638,2
PUMP-004,1779683760000,2.0,0.0,2.0,2.0,2.0,0.7513318101850365,0.020573019160254623,0.702033858001994,0.7904218105430554,0.7865121639751189,35.63283801208128,0.8217194476120948,33.78803479502688,37.59630130076541,36.954934248585786,2600.9324870732535,16.46224324681918,2565.338464908509,2644.264305776895,2623.466791003195,60.14089045297424,1.2828609276312775,57.00827387189521,63.42752780648788,62.421900501416985,4.052239677435952,0.18744098584314264,3.647187525343694,4.436431896234109,4.381644814517459,0.03835001486344421,0.001956794211653076,0.006915202558121277,2.126930896871883,0.13974962326045137,0.20970508427612344,0.7933285609606173,1.5579943499423379,2
PUMP-004,1779683820000,2.0,0.0,2.0,2.0,2.0,0.7511206034725031,0.020337220919586164,0.7032837794335188,0.7953848417805643,0.7791999119719831,36.020079074116985,0.7324563711423354,33.99216084421809,37.73206504429657,37.215723289681634,2600.4934584922858,13.297544025001017,2575.5562987561707,2638.165352204886,2623.606701645049,61.87569097674862,1.0070568655303012,59.736657393845114,63.879628707942274,63.71768394233663,4.084922301609779,0.18660942894622648,3.660598445107851,4.525011395153042,4.377121778573268,0.03052399594307236,0.0003609938252479694,0.005185145863558843,1.734800523774382,0.032682624173826724,0.38724106203570585,-0.43902858096771524,1.570825228359892,2
PUMP-004,1779683880000,2.8666666666666667,0.3428033318008817,2.0,3.0,3.0,0.7720874558522294,0.04995906760415719,0.7141991623084868,0.8936872447627547,0.875234939379219,36.825266495532134,1.5598753172906896,34.96309235696173,40.78763674268827,40.01548038611998,2672.24653153534,128.3085610616418,2564.352347912913,2939.053871491326,2912.578121520175,64.0107123675622,2.032723188238247,61.02431666705264,68.84921331392265,68.12543625748617,4.263442131669461,0.1824936089452677,3.840021645812609,4.669769542229666,4.558256043285362,0.08036754087759793,0.005784268635027548,0.0643323049895127,2.135021390813584,0.17851983005968197,0.8051874214151482,71.75307304305443,1.5954517990404502,3
PUMP-004,1779683940000,3.0,0.0,3.0,3.0,3.0,0.855838328768216,0.021276670584154226,0.8058468166387701,0.90642821654776,0.8850133730927153,39.617633808688154,0.9053044714256632,37.91474000688047,42.93032189872628,40.82793185905271,2899.4953838162896,11.646868538152244,2875.870611441781,2926.4281270832316,2916.8041639585335,67.15761379630031,1.2447533578562098,64.52722275956096,69.79388981671337,69.13353790841099,4.550122246293128,0.157547918178782,4.175358605045979,4.924353564143912,4.811784087012681,0.001462792998329808,0.002020233706547659,0.005872735649122887,3.1469014287381043,0.2866801146236675,2.7923673131560207,227.24885228094945,1.5692801935156409,3
PUMP-004,1779684000000,3.0,0.0,3.0,3.0,3.0,0.8491618212563041,0.018716047851855006,0.8074470178078237,0.9170653132379808,0.8693304475336099,39.65143619621075,0.7934912121737392,37.988546991325435,41.659060542272485,41.20122123659844,2901.8147528556947,16.491255497231275,2864.002316097296,2941.548167473198,2925.5422021079207,67.21430769978853,1.2370920818949716,64.49037830101783,70.14418411448773,69.39495352217122,4.607211167034915,0.19732260587582107,4.190472015372102,5.023081889691398,4.9322861424312805,0.010664330362615727,-0.00025154218880731874,0.01354176080323997,0.056693903488223896,0.057088920741787064,0.033802387522598565,2.3193690394050464,1.5876994128593211,3
PUMP-004,1779684060000,3.0,0.0,3.0,3.0,3.0,0.8540030021417732,0.023969552328060778,0.8026608366386623,0.9076336175991416,0.8955081583012586,40.09456090075026,0.9789394387224474,37.90576071643823,42.85068418671307,41.60115346976975,2901.608694919281,13.505492034300167,2864.731986052932,2935.81363665248,2920.4414000808956,66.81223065151961,1.1228064955387307,64.28332250062175,68.95183610634568,68.56829985911494,4.709539606264952,0.16905229368735403,4.319603962723233,5.185660869797169,4.999314722077365,-0.02341776900936528,0.0006259060817532972,0.006384204661954861,-0.40207704826892154,0.1023284392300372,0.4431247045395068,-0.20605793641379933,1.6230782570486157,3
PUMP-004,1779684120000,3.0,0.0,3.0,3.0,3.0,0.8488206549052737,0.0193150091421668,0.8096251234158277,0.8961700593937175,0.8894551291340376,40.29630530088104,0.8576697233172804,38.11903824254966,42.70932772408127,41.737056542673244,2897.398602258604,12.855173566644167,2870.9309326303305,2926.344055537629,2918.3907105983917,65.82646512387716,1.1892857543307869,63.51091947164767,68.57983509528714,67.79004072212115,4.799585052645749,0.17981376241400898,4.353638310519416,5.152146378061785,5.0756698929170385,-1.3481728942217577e-06,0.0013003558612958344,0.007986700465459356,-0.9857655276424566,0.09004544638079626,0.201744400130778,-4.210092660676764,1.6565147068096293,3
PUMP-004,1779684180000,3.0,0.0,3.0,3.0,3.0,0.8539860647292259,0.01962425628614961,0.8137827997553415,0.8950001000793371,0.8857889127383318,40.85045028728891,0.8209365071699345,38.95631358215351,42.66517484562099,42.204103295945295,2899.348311619534,16.247353473044786,2855.9780249106025,2951.0503315337432,2921.313300812501,65.33486142510151,1.193688124972211,61.8694183755175,67.91030526146983,67.1822041426742,4.887424469446055,0.13815117482607042,4.614796202375318,5.161340609347191,5.12017279474725,-0.019311450081327942,-0.0005847476799829794,-0.008560049203054606,-0.49160369877564847,0.08783941680030605,0.55414498640787,1.9497093609297735,1.6856970113463186,3
PUMP-004,1779684240000,3.0,0.0,3.0,3.0,3.0,0.8490022561802276,0.022407240063128313,0.7920915852983845,0.8880313041620186,0.8841696068544884,40.87020964020163,0.9935316479611588,38.16334044622749,42.84162780086792,42.33263959568777,2897.1032533906787,15.516951394541827,2868.6662856013218,2930.6812531273363,2920.674023166901,64.93015695559804,1.300386030498432,62.14919994112203,68.0213026027467,66.97588624442287,4.96700754083663,0.2085638729796529,4.477916453204279,5.401813754174034,5.3202125284937845,0.014080798348811005,0.0029322051846637893,0.01020105079615946,-0.4047044695034714,0.07958307139057563,0.019759352912721795,-2.245058228855214,1.7144731795631456,3
PUMP-004,1779684300000,3.0,0.0,3.0,3.0,3.0,0.855820556287987,0.016877222926801112,0.8156133720583246,0.896281930137714,0.882175716777275,41.27211286924595,0.7812119563892943,39.9091634611571,43.58149132698945,42.54397775325078,2900.3895256415285,15.12989580787202,2871.244314645884,2940.77132894059,2930.1669968650735,65.63485985875347,1.1500822591834547,63.36548102596731,68.37378905552818,67.50571917233701,5.041046400866611,0.19447958518783287,4.526693871250635,5.451316453380665,5.32045667947753,0.0004945898043264314,0.0003743018457014381,0.004800264494604674,0.7047029031554359,0.07403886002998039,0.4019032290443221,3.2862722508498337,1.73805780852618,3
PUMP-004,1779684360000,3.0,0.0,3.0,3.0,3.0,0.8451742302851699,0.01874316190333965,0.7952079964757778,0.8901952766214967,0.8743389452163809,41.41703837210445,0.9483919769468223,38.83147487442671,44.035857752368855,42.664211898011544,2900.075783778767,15.219599323221988,2859.3951434583196,2925.947524353257,2924.378508384813,65.94950968787063,1.3871496739122169,62.09174637308386,68.83260562571574,68.37888798086789,5.140712629604128,0.19978473707236988,4.682979247631763,5.650589884203861,5.464177699665728,0.0221571042594884,0.0028111118773217485,0.011719359372227896,0.3146498291171582,0.09966622873751696,0.1449255028584986,-0.3137418627616171,1.7726125936934116,3
PUMP-004,1779684420000,3.0,0.0,3.0,3.0,3.0,0.8583634125973284,0.02017534524365065,0.8148116569041144,0.913378188707342,0.8888642721940663,42.09995921270333,0.7391161301175202,40.73857972703281,43.81599365639516,43.30363053569076,2901.2131942925057,14.8238518105717,2864.2742075217084,2931.5046832280277,2926.8805738357614,68.19638425713966,1.3610607756519586,65.03761343738856,70.8579284309549,70.45869284280673,5.239261722104918,0.24195989136228466,4.596278139697353,5.836417937057786,5.607247934930835,0.029945072964249496,0.0035004675753640764,0.0007358711805471127,2.246874569269025,0.09854909250079036,0.6829208405988823,1.1374105137388142,1.8058858709611998,3
PUMP-004,1779684480000,3.0,0.0,3.0,3.0,3.0,0.7766315240184166,0.09669631375633574,0.6160779774534969,0.8957858423232896,0.8755400717320037,40.07096115162462,2.8325886572454095,34.940780188386114,43.97422969464571,43.582965169402534,2716.0493216893747,248.70375274438507,2368.4672386879543,2933.287108520692,2928.399885856499,67.19417560625689,3.047196201222677,61.567018861543,72.53902708992499,71.00732403318409,5.162602240301004,0.2840637122369252,4.472393996294362,5.6708512374271685,5.627390567789726,-0.12706610568541868,-0.008246116695113595,-0.12814544091518895,-1.0022086508827641,-0.07665948180391435,-2.0289980610787097,-185.16387260313104,1.900775622260887,3
PUMP-004,1779684540000,3.0,0.0,3.0,3.0,3.0,0.6561335041036382,0.0165975484861065,0.6399111967931786,0.6872876987303976,0.6831202851302204,36.45511788089406,1.0047343240177957,34.64018036847009,37.67793319539641,37.63311210741181,2403.735063124732,14.179803465290476,2381.7065839467405,2426.7323916100413,2422.91497494496,64.2719135975282,1.0510778780528551,63.050233532073925,65.75310327623285,65.74852452714929,4.912593880354973,0.25400398795277834,4.49353181578936,5.427186235585968,5.255276827102574,0.07528418069975719,0.0019293846350285622,-0.07476916907620472,-2.922262008728694,-0.25000835994603055,-3.615843270730565,-312.31425856464284,2.0437326525645485,3
PUMP-005,1779684540000,0.0,0.0,0.0,0.0,0.0,0.34728427250754856,0.018099330339037295,0.3088073617471123,0.3884419872007349,0.3784816188229498,18.663478302209292,0.511752615529953,17.367440434035196,20.20428860114082,19.536332623550358,1500.5823556238772,16.618879933162223,1462.6472325225018,1539.4211560221718,1526.3858331001297,31.799274849725315,0.6072900262333745,30.463320159421283,32.930871510478234,32.83511929821827,1.7264337076379612,0.068079480677879,1.5802959352428854,1.8928593007918568,1.8522718109051635,0.008240475806946434,0.0003551251752721749,-0.001450984728955082,0.0,0.0,0.0,0.0,1.1505083680740849,0
PUMP-005,1779684600000,0.0,0.0,0.0,0.0,0.0,0.34673648917936556,0.020437168335108752,0.3033664297932291,0.3866036284788325,0.38022909877207306,18.66464515463345,0.5254508699217217,17.568234260901388,19.740229025615974,19.49269124148841,1502.6787593001343,15.544839216693042,1462.2214783031295,1535.6804791934574,1527.4139691006148,33.25836585806278,0.7771755582490182,31.70405304076605,35.48278119784585,34.579953589220636,1.7777255815271624,0.07724448148177093,1.5692833328036608,1.916982665225996,1.881851281900503,0.02298021230379272,-0.00033215927250142567,-0.006399698520285748,1.4590910083374666,0.0512918738892012,0.0011668524241592593,2.0964036762570686,1.1830368849548685,0
PUMP-005,1779684660000,0.0,0.0,0.0,0.0,0.0,0.3509833460254888,0.0174559764321114,0.3078682037116368,0.3919194202935786,0.3757334322877144,18.877318750981374,0.461033621105571,17.891055954914915,19.826242757667295,19.606414159414168,1498.6578334264948,14.761648302993473,1470.0555571168052,1533.0051207555405,1520.546290718263,35.144870233258416,0.833700772133708,33.44546024337903,36.89337128263557,36.28234832202251,1.7853158583250683,0.08510170809690147,1.529270500737414,1.9519743971137775,1.9252691073116617,0.029762050634797536,-1.88157470803971e-05,0.0007949792868726963,1.886504375195635,0.007590276797905915,0.2126735963479227,-4.020925873639499,1.1912757049869505,0
PUMP-005,1779684720000,0.0,0.0,0.0,0.0,0.0,0.3531894877619697,0.018570817327549432,0.316089436821477,0.4015734661515148,0.38593478846299983,19.266127483864803,0.5364370802448921,18.1749943789002,20.36550175020339,20.219056690428836,1501.0632473848677,16.566220903162076,1471.2019750843112,1547.755759040817,1527.7560748357516,37.183982199926284,0.7354823728178768,35.25542831457342,38.749129341667086,38.358247937650354,1.8909979617522632,0.09789101143429911,1.6720464379909008,2.082240027332143,2.039685371261245,0.025813347061899007,0.001318000269857699,0.0010235345856895487,2.0391119666678676,0.10568210342719486,0.38880873288342954,2.4054139583729466,1.2597715021503793,0
PUMP-005,1779684780000,0.0,0.0,0.0,0.0,0.0,0.349732986156129,0.01859116275651265,0.3019914549985171,0.3971699859714466,0.3793901111444967,19.499422637833185,0.6032721385271003,17.98158735785772,20.522401856437423,20.32943700284585,1496.4414656863657,11.501125072691956,1469.5613099281122,1518.2595944368643,1512.3215928454727,38.5741512609674,0.7821317366130129,36.61921264051563,40.204742178865814,39.84889206124799,1.9719209348345743,0.10399098440931374,1.7467129430630148,2.2422552684439587,2.1554355423030187,0.02271991015881214,0.0020100886086935783,0.013905375012589538,1.3901690610411137,0.08092297308231111,0.23329515396838119,-4.621781698501991,1.3177392248957085,0
PUMP-005,1779684840000,0.0,0.0,0.0,0.0,0.0,0.352818649139273,0.020038047777147416,0.2881522134214553,0.3919106921060915,0.3805843689075893,19.932581447225985,0.5574306257561519,18.308076172120675,21.202183200023512,20.824608835836358,1498.0626288228448,14.310758495917375,1468.8961056731264,1527.6535331547652,1520.9115671691752,39.36263138918431,0.7502291802369248,37.66254542786621,40.60625999199438,40.46473353520651,2.0599472020043565,0.09381417558600824,1.8613684933414143,2.2555321547085443,2.204478465119067,-0.004520155291127042,0.0018847903593874529,0.004141104227957091,0.7884801282169107,0.08802626716978224,0.4331588093928005,1.6211631364790264,1.3750732361235092,0
PUMP-005,1779684900000,0.0,0.0,0.0,0.0,0.0,0.3443854937452417,0.021323253518719235,0.2935844311018001,0.3951580665253825,0.37810680379307227,20.057903049834113,0.6622518499468703,18.532235413063855,21.55169754594206,21.247468422204957,1502.092594758033,15.012079282887955,1473.8799004760826,1533.403530984358,1528.0100239681676,38.87095620164867,0.8699322685237362,37.06072185196524,40.76709873436785,40.12633998254389,2.1623994402032207,0.10729566966833519,1.92367186979834,2.361375749740583,2.3216598860706634,-0.0008708408270609473,0.002071527261626575,0.007330136297243323,-0.4916751875356411,0.10245223819886418,0.1253216026081283,4.029965935188329,1.4395903475985157,0
PUMP-005,1779684960000,0.016666666666666666,0.12909944487358055,0.0,1.0,0.0,0.3518255216385264,0.022084417739295887,0.2922609525395069,0.394541955986486,0.3863769059609235,20.551510874838645,0.7038713216151449,19.16788855399578,21.8646700291363,21.75381695992322,1501.9339308413757,16.512667049060397,1472.0332551227514,1544.6210217711878,1533.6630474477765,38.64727215848705,0.887586451588965,36.084060996728056,40.84037479903922,39.994045451102004,2.224348840928017,0.1206993962454455,1.9787538369734432,2.490214996914782,2.400134647118215,-0.02211660490220631,0.0001619204535970935,0.0009894319508040868,-0.22368404316161872,0.061949400724796266,0.49360782500453126,-0.15866391665736046,1.4809888199896577,0
PUMP-005,1779685020000,1.0,0.0,1.0,1.0,1.0,0.3486559021562107,0.020682876656967903,0.3101058147226569,0.3970525332290552,0.3798816684652299,20.805050533702573,0.6551670092944271,19.440825538528365,22.39044031333654,21.780292858633985,1498.076284003669,14.794153039135793,1462.8109131732313,1526.6855253410315,1519.787929584429,37.662296121637844,0.8044199044567333,36.16398243720965,39.68482203987524,38.784355943021765,2.3110054701640323,0.1226487086381725,2.0262075784329547,2.593564844368675,2.5262253618607935,-0.006581961232253781,0.0021265571934717224,0.011339299055606518,-0.9849760368492042,0.08665662923601536,0.2535396588639287,-3.8576468377068522,1.5426476957101851,1
PUMP-005,1779685080000,1.0,0.0,1.0,1.0,1.0,0.3603997211017666,0.048608764766489454,0.3113180741474396,0.5786529983358607,0.4031095789861927,21.448237694888157,1.32868348433705,19.82096935852651,27.04745847925428,22.95695093290917,1524.0151138169701,107.3813079363235,1475.5681874871127,1997.263209083459,1559.5864993987093,37.40193440876297,1.4063320454383401,34.80528885145853,43.43706304895988,38.72729798998677,2.4138539362905003,0.14132581178202755,1.9896776154007552,2.7394486055941907,2.6157641174176636,0.02693478230306256,0.0026588268104907778,0.025241670769454452,-0.2603617128748752,0.10284846612646792,0.6431871611855833,25.938829813301254,1.5838769120655092,1
PUMP-005,1779685140000,1.0,0.0,1.0,1.0,1.0,0.547834573737726,0.021692021576400742,0.5036945672678221,0.6050560248104536,0.5858154644761344,26.853668313991086,0.72011413424651,25.26618037407418,28.71985319519978,27.92938362972423,2000.3947761975628,14.96576424446515,1967.8701802943883,2031.8067270935735,2024.741519434042,43.011195941868635,0.7742526312857795,41.12564432889729,44.57004532041162,44.22403358839892,2.8052233274227927,0.13170009794923174,2.4563359316982813,3.097986077781248,3.0223584749218877,0.01325237411845604,0.0026327347926367564,0.005105086605349772,5.609261533105666,0.3913693911322924,5.40543061910293,476.37966238059266,1.4023341584709204,1
PUMP-005,1779685200000,1.0,0.0,1.0,1.0,1.0,0.5536859523763854,0.0235953166184581,0.4703437332075707,0.6136374309415958,0.5942960060985354,27.316640760983763,0.7615636475927676,24.3721122575932,28.635163676310157,28.321219377651342,1998.2269702142323,13.741747951612473,1970.4868221497047,2025.1433239768544,2018.101410601804,44.062848323946454,1.159860160107225,41.20156758036981,46.74999419133127,45.85205370546151,2.8859956536661975,0.12712143618856514,2.5135060300689434,3.252710358483661,3.084548483432795,0.02694091155931493,0.00041281144373605155,0.0016154388515633394,1.051652382077819,0.0807723262434048,0.46297244699267637,-2.1678059833304815,1.4442774781882304,1
PUMP-005,1779685260000,1.0,0.0,1.0,1.0,1.0,0.5501689070367702,0.021363893200430785,0.5005150189259227,0.5922363789679311,0.581834800512938,27.55208861383283,0.7776065540076019,25.862133240149426,29.45142159237613,28.924711788931024,1999.5678779488687,14.794143152594437,1963.7251760773909,2033.178348219525,2021.196757124196,45.90149587113068,1.1041454234507297,44.078388881129726,48.16341632016203,47.59660631013116,2.9916830068640308,0.13238688472202936,2.555173073117072,3.271910406432186,3.1782462576186172,0.0347443318504017,0.002305118653875462,0.012115471951926967,1.8386475471842232,0.10568735319783329,0.23544785284906666,1.340907734636403,1.4961640180821676,1
PUMP-005,1779685320000,1.0,0.0,1.0,1.0,1.0,0.55507691895069,0.020342169768965388,0.4994193224389167,0.5960937829443163,0.5888208458752789,28.197573839226507,0.7862213865093092,26.604223827557448,30.469933389676832,29.626101999261945,2000.4569872432724,14.101533976036908,1971.3188319106312,2038.5966191286627,2026.4471462145568,48.35581678641764,1.2130202760463877,45.79582489675446,51.16283714627007,50.46870148544727,3.0967038304198904,0.1455638612837584,2.760645124963368,3.4565281994018244,3.3701701960466486,0.04233150603149642,0.0016102597456616418,0.00701072677978782,2.4543209152869636,0.10502082355585962,0.6454852253936778,0.8891092944036245,1.5479974336713254,1
PUMP-005,1779685380000,2.0,0.0,2.0,2.0,2.0,0.5526031321067505,0.019741753014231023,0.480371005158892,0.5936123563726025,0.581232634259828,28.48684898054421,0.6695446232237205,26.89261967302196,29.868968227340225,29.532603797581935,1997.0667620370236,14.778500980345695,1960.2177967745545,2031.4222062664303,2022.7191727153765,50.61760792311132,1.0121319075764623,48.29787796998661,53.13392096010829,52.18887135568003,3.1941090857759633,0.14263327057786224,2.9177334400886576,3.5655172983889445,3.435294189030872,0.026554629938727082,0.0013203410164087624,-0.0011772502577901572,2.261791136693681,0.09740525535607292,0.2892751413177024,-3.390225206248715,1.599399452784691,2
PUMP-005,1779685440000,2.0,0.0,2.0,2.0,2.0,0.5494828123617772,0.0181880556142119,0.5079858534924069,0.5913624735980036,0.5775792951270139,28.767775211052413,0.6418870298160905,27.46311077505819,30.12158434631669,29.839243393980983,1999.2890776508764,14.779091651837824,1972.3106699101968,2036.3364530668168,2027.7878558810148,52.38009377551762,1.112286227545664,50.17325698855134,54.557401116298166,54.28419938779149,3.290494879991986,0.13886424015249446,3.0041259981058532,3.702296074448312,3.5301754530693135,0.03177477193669287,0.0030865518102055965,0.0038990083769681024,1.7624858524063,0.09638579421602289,0.28092623050820364,2.222315613852743,1.6458316463303055,2
PUMP-005,1779685500000,2.0,0.0,2.0,2.0,2.0,0.5489335050156271,0.020127819102759906,0.4995251527615992,0.5896031588394641,0.5735879055088169,29.106351967923988,0.7509402769654752,27.432731193800898,30.772538140813573,30.236841530771176,1998.6487781647484,14.340882395048776,1977.403267706978,2036.4212780190728,2024.7992915668876,53.865449684122574,0.8917467526897667,51.70832025828786,55.8399850217047,55.01855219048775,3.392766038674624,0.16314309623739168,3.0058173855537804,3.7413066741187966,3.6461302404543896,-0.001257042372973696,0.0021309434247481886,-0.002120901573962857,1.4853559086049515,0.1022711586826377,0.33857675687157496,-0.6402994861280149,1.6975290397250171,2
PUMP-005,1779685560000,2.0,0.0,2.0,2.0,2.0,0.5526738021009195,0.017323009252494886,0.5167512895286012,0.5952756919329056,0.5836119903816422,29.561895693994945,0.7270218141810104,28.07862392465433,31.410233580292648,30.686350223910917,1997.6636394219759,15.03728649910388,1964.3247163217711,2037.17127074491,2025.3162092710877,54.43071845751793,1.114899499007597,51.41711711501964,56.83101995465927,56.373474959879815,3.4834259114922053,0.1579929022670188,3.032854489422145,3.788678382959058,3.725151088377242,-0.006167963494665201,0.0026131564146934824,0.009445004431736528,0.5652687733953599,0.09065987281758137,0.4555437260709567,-0.9851387427725058,1.743749097195881,2
PUMP-005,1779685620000,2.0,0.0,2.0,2.0,2.0,0.5485158336731294,0.018761241018895498,0.504951747880322,0.5875465370004155,0.576664829603081,29.824589991217014,0.6277203394761562,28.627869340160434,31.44415100761743,30.799755899278857,2003.5787647770749,14.570866563496281,1960.2444108518553,2032.0560926520595,2024.6333049783082,54.426177947632276,1.0536588172930066,51.648820885453034,56.90819848850954,56.05045983417032,3.6206422334016723,0.1781429315819725,3.302062116063012,4.074029431485207,3.9283384449489587,-0.011823734548004509,0.0025711549247398775,-0.004929110273889259,-0.004540509885657684,0.1372163219094671,0.26269429722206894,5.915125355099008,1.807086644141925,2
PUMP-005,1779685680000,2.0,0.0,2.0,2.0,2.0,0.6080117488596801,0.09555258798971934,0.5052775126254073,0.7846928525344389,0.7715276401265878,31.96393187037294,2.767495453839574,28.840627264078016,37.75305880686181,37.02538428502342,2166.8097807265526,274.79243349046976,1960.684814912664,2629.100680166789,2610.6017545587465,55.305161441109284,3.0237879684736146,51.330826230296665,61.8635371931248,60.38895485597668,3.8932637284823413,0.3302767559769873,3.317220373154186,4.605398479643822,4.467399448293522,0.13127535622012512,0.01399647878814303,0.12651705223213916,0.8789834934770084,0.2726214950806689,2.139341879155925,163.23101594947775,1.7967714408255309,2
PUMP-005,1779685740000,2.9833333333333334,0.1290994448735806,2.0,3.0,3.0,0.7467327575689652,0.021801839942259316,0.7066415296248615,0.7969442681002772,0.7792706734140095,36.40988975345451,0.9826256202095607,34.21044571390254,38.79091716454255,38.288852493013884,2599.1126973517216,16.23479187241365,2567.3246904484895,2632.9442104733907,2628.0229489985245,59.21623324234148,1.19914671504629,56.41940198831233,61.56042667069481,61.14047516774215,4.344155932455211,0.21238563531388913,3.8518182449412826,4.839847740429386,4.608058121826667,-0.006781918686737363,0.0033290116988628324,0.004697388867968334,3.9110718012321968,0.45089220397286933,4.445957883081569,432.302916625169,1.6713989606847672,3
PUMP-005,1779685800000,3.0,0.0,3.0,3.0,3.0,0.7563540452489834,0.0204312832241609,0.7022548925988212,0.7968908077144772,0.7847202595143676,36.8977507907146,0.9162257820408074,34.85428297998656,39.288387487297605,38.287428187338996,2598.5831161150704,15.072771062525689,2564.2916079556007,2626.674665337188,2622.1392193647093,59.13511478280192,1.3025574162924676,56.37766154649656,62.64696943407172,61.29341525333622,4.47352729370817,0.16534024483751947,4.004010660072686,4.882470243515122,4.741802086783213,0.019976908689323003,0.0017317445277511667,0.016739297660667465,-0.0811184595395602,0.129371361252959,0.487861037260096,-0.5295812366512109,1.7215249127267707,3
PUMP-005,1779685860000,3.0,0.0,3.0,3.0,3.0,0.7526307574520766,0.0174755836631056,0.7206008610796222,0.785699397847833,0.7808416212381482,37.44434085326021,0.7269719394946474,36.14204862629997,38.945225270640336,38.849715619926904,2598.6845707045077,15.1789605487513,2569.8711619133996,2632.010229422715,2624.7635626270553,59.62547121682938,1.0693381879931467,57.34316078071171,62.02188724892452,61.191892931878975,4.563794324526916,0.19669692136615152,4.070422648699057,5.094531663849454,4.853471669326883,0.0165137939132812,0.0004480492204968588,-0.0003795894193464117,0.4903564340274613,0.09026703081874654,0.5465900625456044,0.10145458943725316,1.756193352506923,3
PUMP-005,1779685920000,3.0,0.0,3.0,3.0,3.0,0.755558109467641,0.017505141925550357,0.712224999194313,0.7870796647618233,0.7797996109495796,38.0260840033353,2.21430580924596,35.53045110477959,53.28870327845654,39.42282386135726,2599.999115872165,13.892743918710082,2571.0686587547093,2633.0026662195532,2619.209340585221,60.88262302876948,1.2995756491361456,57.30258535827572,64.70148649487777,62.62609502236116,4.739691658486835,0.5297961725298885,4.147396335260241,8.486075166710828,4.974330957291147,0.014014094592646685,0.005784784660098052,0.030004908481527384,1.2571518119400977,0.17589733395991924,0.5817431500750914,1.314545167657343,1.8229582489448908,3
PUMP-005,1779685980000,3.0,0.0,3.0,3.0,3.0,0.7490231590500646,0.023409708759437257,0.6863111103079309,0.7927980279941664,0.7763747061596086,37.97982826826943,0.9694103646903218,35.145244615900666,40.16923724128837,39.54265307805372,2601.09843752297,15.390930269218359,2561.3782677292747,2650.171219128224,2625.839056913753,62.97525709540551,1.4146032850239167,59.97452539601518,65.77388243198465,65.17247816885703,4.842769172279387,0.19205701528333355,4.381577467932106,5.253963584568399,5.127351020927098,0.013374198748084319,0.0027523094857921948,0.0010317181036014222,2.0926340666360304,0.10307751379255148,-0.046255735065869885,1.0993216508049954,1.8618162390943274,3
PUMP-005,1779686040000,3.0,0.0,3.0,3.0,3.0,0.7490308638483609,0.021865355088436903,0.704695962216463,0.8070093421838564,0.7819912622403047,38.660697862227,2.531438930419109,36.82837274622979,56.87287542247988,39.86373532020594,2599.611824446374,14.81218031084727,2569.2152543753095,2648.092554911646,2624.8589123368815,65.43366192386578,1.5822092510395978,62.11879832995272,69.02373009618992,67.87185369646579,5.0462662748528295,0.6398533190549768,4.502634377070451,9.616631338894807,5.377698677776289,0.06228962694880768,-0.0033005205373943577,0.0023777367756059745,2.4584048284602744,0.20349710257344267,0.6808695939575742,-1.4866130765958587,1.9411607095481636,3
PUMP-005,1779686100000,3.0,0.0,3.0,3.0,3.0,0.7522934844191729,0.0204054816451613,0.7122565052633036,0.8043347707924029,0.7827245645388271,39.037845055895026,0.8149774469669617,37.70812163359737,41.265646846074425,40.4657248153476,2597.514485756815,15.525305291950545,2554.864211228479,2625.89752788177,2617.0238765504455,67.90358353030304,1.4720104511173202,64.27299159201955,71.35576646899787,70.22638453090445,5.005990963162234,0.24682538075712607,4.321416673573641,5.635530382926679,5.446562945892238,0.036289004850903785,0.0037607949102320074,0.003867197265952095,2.4699216064372536,-0.040275311690595395,0.37714719366802285,-2.097338689559365,1.9272227598303167,3
PUMP-005,1779686160000,3.0,0.0,3.0,3.0,3.0,0.7473804966622467,0.022739286829598825,0.7059354100170151,0.8075686479882916,0.7900217400752514,39.119240219651445,0.9747374251713095,36.9746639515131,41.896410537881,40.92814025925059,2601.834596566534,16.010734424235668,2563.4203741967235,2630.2905674487156,2624.1156943624746,69.8723455192448,1.4717305240898015,66.36645469378263,72.80134392386245,72.10974359478911,5.145299306161162,0.2354764639688757,4.697441237435389,5.777626352398105,5.461973349867036,0.03895730936068786,0.003745028280675463,0.023803867252007227,1.9687619889417647,0.1393083429989277,0.08139516375641875,4.320110809719154,1.9775651132419987,3
PUMP-005,1779686220000,3.0,0.0,3.0,3.0,3.0,0.7463500806225767,0.0203672713277443,0.7132663451656571,0.7986220610959592,0.7770998907423114,39.58849291696549,0.8599992191996564,37.938956996564436,41.773770334821755,41.17622852059101,2597.574860592142,12.70919661995125,2570.314095500369,2626.5528406485423,2621.136329636778,70.72904541284439,1.4198605262285933,66.22638395263346,73.34568177879198,72.97291903321131,5.303211141946786,0.21298995649893368,4.889701588449491,5.806909551304738,5.694924990135104,0.015704513867957064,0.0020026146043228047,0.0027807613961513215,0.8566998935995827,0.15791183578562418,0.4692526973140474,-4.259735974391788,2.041600102003515,3
PUMP-005,1779686280000,3.0,0.0,3.0,3.0,3.0,0.7955869273797488,0.05138794527367086,0.7117435966019156,0.8748113026312562,0.8656408774791359,41.473297905916716,1.7881912551921573,37.91164102634565,44.766953657457854,44.221352288169,2750.9521971280396,151.3824735794103,2572.3887518990177,2932.7316004472077,2922.0162192232037,72.98344826587245,2.1225935884421174,69.33325230491016,77.51431545457594,76.17269602017556,5.560518584406438,0.28438533595350807,4.989822031122605,6.070478833307925,5.99182339438493,0.08889502158948871,0.008473059818893767,0.0860770370332741,2.2544028530280684,0.257307442459652,1.884804988951224,153.37733653589748,2.0213061386182614,3
PUMP-005,1779686340000,3.0,0.0,3.0,3.0,3.0,0.8581062629519677,0.01998322633853261,0.8051174446014374,0.9028365404757868,0.8903464913073844,43.719757989999835,0.9774122360197905,41.04028882488995,45.77788126524929,45.20083847676523,2900.8937312031453,14.122960961175908,2857.1382125842156,2928.5626905838094,2920.5232734707815,74.63314768636405,1.7090718585509277,70.72331811019677,78.60439800620418,77.91356810302585,5.805331637008897,0.220907552091855,5.198640333857483,6.279200049776748,6.115204456722031,-0.01173008901227743,0.001447733182844566,0.0037552859242476317,1.6496994204916007,0.244813052602459,2.246460084083118,149.94153407510566,2.0012210627860796,3
PUMP-005,1779686400000,3.0,0.0,3.0,3.0,3.0,0.8457700090380001,0.0180855632255947,0.807785009122781,0.8881541792309835,0.8696600708946478,44.07711067834527,0.9239381134879602,41.929032480451646,46.096468369992614,45.23605458416395,2899.670428770854,16.03406976553033,2860.756924307327,2935.6586281457667,2924.5144031837704,73.48918177408356,1.3736693835330132,70.1060376989658,76.0568526045752,75.80934157842238,5.961881103732397,0.25958883090623447,5.511019232691068,6.5118609421936196,6.396205018928435,-0.005692217833620819,0.0005941771814641041,0.003680412377121056,-1.1439659122804926,0.1565494667234999,0.3573526883454363,-1.223302432291348,2.0560540220446932,3
PUMP-005,1779686460000,3.0,0.0,3.0,3.0,3.0,0.8546263151578991,0.017829883701546454,0.8154194992141236,0.8907399713242761,0.8807806757997848,44.38855579162713,0.8023972630541374,42.57539486622667,46.479655915912446,45.618418031478356,2901.65000848501,15.514354427363743,2869.7025458856806,2933.321256531654,2928.4094413325342,73.23016327843457,1.5983469074290813,69.33395639748596,76.36181499968706,76.10509988348991,6.040612533265138,0.2169194264867448,5.567301208228646,6.468917737416452,6.429961952808801,-0.01549464658867433,-0.0028855851506327523,0.006932947239043212,-0.2590184956489878,0.07873142953274126,0.31144511328185587,1.9795797141559888,2.0817846514281606,3
PUMP-005,1779686520000,3.0,0.0,3.0,3.0,3.0,0.8421733821209462,0.018238314262605446,0.8066692114071474,0.8908232741013917,0.873653741529083,43.88339784730556,1.039188546763199,41.37924472891589,46.13161411007661,45.394781894817356,2899.3717313891,13.629008254651234,2863.0778475010193,2932.033561707837,2918.429258477665,71.36828557738757,1.5221844225294465,68.37577790661935,75.04043734485481,73.7057005690565,6.092089219257251,0.20946239210129866,5.676416753461783,7.0230027907070625,6.339101350653776,-0.023409201282966776,0.0007430496675528223,0.0006857433689443189,-1.861877701047007,0.05147668599211297,-0.5051579443215672,-2.2782770959097434,2.1011749035587117,3
PUMP-005,1779686580000,3.0,0.0,3.0,3.0,3.0,0.8529926825126075,0.02040849038471098,0.8120323501669894,0.9142524332301109,0.886634533114771,44.42786324629506,0.9499455322083409,42.26512163958205,47.45875035685076,45.76655778454635,2901.702915370195,15.89024227964331,2870.8609489974256,2940.03344274491,2929.9595541463345,71.6616605911508,1.3651165839156651,69.01879486067361,74.80191285706421,73.70674980292314,6.095829737538192,0.24285900161420848,5.5894047119863295,6.643805499718194,6.4769254114111545,0.009220959896781799,-0.002596122966201207,-0.0040687840612028715,0.2933750137632387,0.0037405182809404636,0.5444653989895016,2.3311839810949095,2.100775928670343,3
PUMP-005,1779686640000,3.0,0.0,3.0,3.0,3.0,0.8471545420006679,0.01922227876579477,0.804737993104357,0.8991898489974943,0.8745641661189665,44.29952542384811,0.9839484583599104,42.17939462922651,46.30458767971897,45.914125370740926,2902.02766472814,16.074775230702254,2861.86146925647,2935.0471512837357,2926.1665149167957,72.21497069536032,1.2812383641965501,69.76705751701017,76.34374829448014,74.30907702814837,6.020151686562235,0.26676434792433307,5.372570273302631,6.623788178679168,6.507454159595668,0.011512721403999275,0.003486815949088769,-0.0055145084198853,0.5533101042095154,-0.0756780509759567,-0.12833782244695158,0.32474935794471094,2.0744632055955927,3
PUMP-005,1779686700000,3.0,0.0,3.0,3.0,3.0,0.8577825381868809,0.017704882178167004,0.8167033289664892,0.8934965955636249,0.8848967044644682,44.51491364250708,0.9447420581979427,42.231361486602175,46.79850168748182,46.161702601274825,2899.117706182845,16.265949190049334,2872.480772044134,2945.4107187861823,2929.3624838566643,73.87067480299035,1.2916819491320042,71.83034489153924,77.40609534580089,76.2892612991942,6.031418013258768,0.22904492242905733,5.450905305657936,6.480354025411513,6.391087659393637,0.02201146590441402,-0.0007535258757205678,0.0035782691086766348,1.6557041076300294,0.011266326696532936,0.21538821865897262,-2.9099585452950123,2.0804315464543697,3
PUMP-005,1779686760000,3.0,0.0,3.0,3.0,3.0,0.8504369844502886,0.0205273172729623,0.794125051530241,0.9089587092298136,0.8780858686567659,44.172017464156745,0.980339371671289,41.777973495650926,46.090575643763465,45.64996449304327,2901.280308637787,17.564248330589095,2867.41186794311,2949.8405214554846,2925.1213778425335,74.80959801518996,1.3105102447843469,71.84543031516903,77.85127880807359,76.60943089122628,6.0373153153807335,0.22966321929242803,5.5260418378371,6.541213184988826,6.425496091311919,0.018630944819753262,0.002331302108902706,-0.0023740185210992673,0.9389232121996116,0.0058973021219657085,-0.3428961783503368,2.1626024549423164,2.080913456205107,3
PUMP-005,1779686820000,3.0,0.0,3.0,3.0,3.0,0.8488668525907772,0.02120353177395391,0.8008220168918462,0.8867456287412008,0.8842538968779727,44.15545871272779,0.8958345487437105,41.759674866070995,45.95616046161573,45.52479376309732,2898.7465030676267,15.042318006617615,2859.468719413728,2929.468736558147,2925.2566090859327,76.51705531020475,1.8150699326992794,72.73471148969743,79.3986913018286,79.01281915566392,6.037769533964438,0.23429682377839373,5.387870268343209,6.564768583070244,6.385454819130618,0.046103496798065545,7.442985433136462e-05,0.0017488325137594925,1.707457295014791,0.00045421858370442436,-0.01655875142895269,-2.533805570160439,2.0828890848805948,3
PUMP-005,1779686880000,3.0,0.0,3.0,3.0,3.0,0.6972523637057884,0.09133036216210093,0.6006026349783316,0.9053121155241098,0.8663862459845285,39.50305240037549,2.809480061167671,35.841194872532704,45.66631165979221,44.54636099162555,2527.259212954615,221.5204643592227,2374.663472950598,2932.03735731669,2912.607350163584,71.98650625132035,3.247819708908251,67.57311624062112,79.41296911511802,77.94502011038634,5.597230707582966,0.4059316333131385,4.724866186885287,6.466349234311145,6.237162437411795,-0.12256207788561796,-0.015922601554941074,-0.09782903867140769,-4.530549058884404,-0.4405388263814718,-4.652406312352305,-371.48729011301157,2.214742541702603,3
PUMP-005,1779686940000,3.0,0.0,3.0,3.0,3.0,0.6438052148403206,0.008613274799703747,0.6306011801465203,0.6606630737312463,0.6559541332339456,38.35173693199744,0.7729317391782079,37.376063407450914,39.952335218511536,39.6169135372121,2395.343874688456,16.860093860731663,2364.631739879443,2419.037782792416,2415.385157728831,70.20873595432482,0.8734710595584191,68.78277712580869,71.60848496103644,71.40140904256637,5.444708840618728,0.22811110817717312,5.028395542674329,5.90206350290502,5.8062198261625095,0.031318189906660215,-0.014708131591350981,0.0758329312605984,-1.7777702969955271,-0.1525218669642383,-1.1513154683780442,-131.91533826615932,2.273037548017748,3
